query,answer,rec_api,rank,original_rank
How can I use html styles in strings with format arguments,['java.lang.String.format'],"['java.time.LocalDate.parse', 'java.lang.StringBuilder.insert', 'java.text.SimpleDateFormat.parse', 'java.text.MessageFormat.format', 'java.util.logging.Formatter.format', 'java.text.DecimalFormat.format', 'java.lang.String.valueOf', 'java.lang.StringBuilder.append', 'java.lang.Integer.parseInt', 'java.lang.String.format']",10,1
"How do I create a parent-last / child-first ClassLoader in Java, or How to override an old Xerces version that was already loaded in the parent CL",['java.lang.Class.forName'],"['java.io.File.listFiles', 'java.nio.file.Files.walk', 'java.lang.ClassLoader.getSystemClassLoader', 'java.util.ListIterator.previous', 'java.lang.reflect.Array.newInstance', 'java.io.File.getParentFile', 'java.lang.Class.getMethod', 'java.lang.Class.forName', 'javax.xml.parsers.DocumentBuilderFactory.newInstance', 'java.io.File.lastModified']",8,3
How to timeout a thread,"['java.util.concurrent.Future.get', 'java.lang.Thread.interrupted']","['java.lang.Thread.stop', 'java.lang.Thread.sleep', 'java.lang.Thread.join', 'java.lang.Thread.isInterrupted', 'java.util.concurrent.Future.cancel', 'java.lang.Thread.interrupt', 'java.net.ServerSocket.setSoTimeout', 'java.net.Socket.setSoTimeout', 'java.lang.Object.wait', 'java.util.concurrent.ThreadPoolExecutor.shutdownNow']",-1,-1
How to modify a Collection while iterating using for-each loop without ConcurrentModificationException,['java.util.Iterator.remove'],"['java.util.List.subList', 'java.util.Map.Entry.setValue', 'java.util.Iterator.remove', 'java.util.ListIterator.add', 'java.util.List.iterator', 'java.lang.System.arraycopy', 'java.util.HashMap.entrySet', 'java.util.Arrays.asList', 'java.util.Collections.synchronizedList', 'java.util.Collection.removeIf']",3,1
How to hide cursor in a Swing application,"['java.awt.Toolkit.createCustomCursor', 'java.awt.Cursor.getDefaultCursor']","['javax.swing.SwingUtilities.invokeLater', 'javax.swing.SwingUtilities.invokeAndWait', 'javax.swing.text.JTextComponent.setNavigationFilter', 'java.lang.System.exit', 'java.lang.System.currentTimeMillis', 'javax.swing.BorderFactory.createEmptyBorder', 'java.awt.Frame.getFrames', 'javax.swing.JFrame.setDefaultCloseOperation', 'java.awt.Component.getLocationOnScreen', 'java.awt.Component.setCursor']",-1,-1
How to generate a random permutation in Java,['java.util.Collections.shuffle'],"['java.util.Random.nextDouble', 'java.lang.Math.random', 'java.util.stream.Collectors.toList', 'java.lang.StringBuilder.reverse', 'java.util.Random.ints', 'java.util.Arrays.toString', 'java.util.Random.next', 'java.util.Collections.shuffle', 'java.util.Random.nextInt', 'java.util.UUID.randomUUID']",8,1
Java generating Strings with placeholders,['java.lang.String.format'],"['java.lang.String.getBytes', 'java.lang.StringBuilder.insert', 'java.util.Arrays.toString', 'java.lang.String.valueOf', 'java.lang.String.intern', 'java.lang.String.split', 'java.lang.Character.toString', 'java.lang.String.format', 'java.text.MessageFormat.format', 'java.lang.String.replaceAll']",8,1
Collect Linux command output,['java.lang.Process.getInputStream'],"['java.io.File.compareTo', 'java.util.stream.Stream.of', 'java.lang.ProcessBuilder.inheritIO', 'java.lang.ProcessBuilder.directory', 'java.util.Collections.synchronizedList', 'java.util.Collections.frequency', 'java.lang.ProcessBuilder.redirectErrorStream', 'java.lang.Process.waitFor', 'java.lang.Process.getInputStream', 'java.lang.Runtime.exec']",9,2
How do I make my ArrayList Thread-Safe? Another approach to problem in Java,['java.util.Collections.synchronizedList'],"['java.util.Collections.unmodifiableList', 'java.lang.Thread.start', 'java.util.Collections.unmodifiableCollection', 'java.util.concurrent.ConcurrentHashMap.computeIfAbsent', 'java.lang.Thread.interrupted', 'java.lang.Thread.setName', 'java.lang.Thread.currentThread', 'java.lang.Thread.interrupt', 'java.util.Collections.synchronizedSet', 'java.util.Collections.synchronizedList']",10,1
First char to upper case,"['java.lang.String.charAt', 'java.lang.Character.toUpperCase']","['java.lang.String.valueOf', 'java.lang.Integer.parseInt', 'java.beans.Introspector.decapitalize', 'java.lang.String.equalsIgnoreCase', 'java.lang.String.charAt', 'java.lang.String.toCharArray', 'java.lang.Character.toLowerCase', 'java.lang.String.indexOf', 'java.lang.String.toLowerCase', 'java.lang.Character.toUpperCase']",5,3
Grouping elements of a list into sublists (maybe by using guava),['java.util.stream.Collectors.groupingBy'],"['java.util.List.subList', 'java.util.stream.Stream.collect', 'java.util.Arrays.asList', 'java.util.Arrays.sort', 'java.util.Collections.sort', 'java.util.List.listIterator', 'java.util.Set.retainAll', 'java.util.ArrayList.add', 'java.util.ArrayList.addAll', 'java.util.stream.Collectors.groupingBy']",10,1
How do I get localized date pattern string,"['java.text.SimpleDateFormat.toLocalizedPattern', 'java.time.format.DateTimeFormatter.ofLocalizedDate']","['java.time.LocalDate.parse', 'java.time.Instant.toString', 'java.util.Calendar.getTimeInMillis', 'java.text.NumberFormat.getCurrencyInstance', 'java.time.LocalDate.from', 'java.util.Calendar.getTime', 'java.text.DateFormat.getDateInstance', 'java.time.format.DateTimeFormatter.ofLocalizedDate', 'java.text.DateFormat.parse', 'java.util.regex.Pattern.quote']",8,2
16 bit hex string to signed int in Java,['java.lang.Integer.parseInt'],"['java.lang.Long.toString', 'java.lang.Integer.valueOf', 'java.lang.Long.parseUnsignedLong', 'java.lang.Long.parseLong', 'java.lang.Integer.parseUnsignedInt', 'java.lang.Integer.toHexString', 'java.lang.Integer.parseInt', 'java.lang.Long.toHexString', 'java.lang.Short.parseShort', 'java.lang.Byte.toUnsignedInt']",7,1
Resolving ip-address of a hostname,['java.net.InetAddress.getHostAddress'],"['java.net.URL.equals', 'java.net.NetworkInterface.getNetworkInterfaces', 'java.net.InetSocketAddress.getAddress', 'java.net.InetAddress.getHostAddress', 'java.net.InetAddress.getCanonicalHostName', 'java.net.InetAddress.getByName', 'java.net.InetAddress.getAllByName', 'java.net.InetAddress.getLocalHost', 'java.net.InetAddress.getHostName', 'java.net.InetAddress.toString']",4,3
How to reverse a list in Java,['java.util.Collections.reverse'],"['java.util.Arrays.binarySearch', 'java.util.Map.keySet', 'java.util.Arrays.asList', 'java.util.List.size', 'java.util.Map.values', 'java.util.Arrays.sort', 'java.util.Collections.reverseOrder', 'java.util.Collections.reverse', 'java.util.Collections.sort', 'java.util.NavigableMap.descendingMap']",8,1
Java Convert File to Byte Array and visa versa,"['java.nio.file.Files.readAllBytes', 'java.nio.file.Files.write']","['java.lang.String.getBytes', 'java.lang.Integer.valueOf', 'java.lang.Double.toString', 'java.lang.Long.valueOf', 'java.nio.ByteBuffer.order', 'java.lang.Integer.toBinaryString', 'java.lang.Byte.parseByte', 'java.util.Arrays.toString', 'java.lang.Integer.parseInt', 'java.io.FileOutputStream.write']",-1,-1
How can I get a Unicode character's code,['java.lang.Character.codePointAt'],"['java.lang.Integer.parseInt', 'java.lang.Character.codePointAt', 'java.lang.Character.getNumericValue', 'java.lang.Integer.toBinaryString', 'java.lang.Character.isDigit', 'java.lang.String.indexOf', 'java.lang.Character.UnicodeBlock.of', 'java.lang.Character.isLetterOrDigit', 'java.lang.Character.toString', 'java.lang.Character.toChars']",2,5
Java: How to test on array equality,"['java.util.Arrays.deepEquals', 'java.util.Arrays.equals']","['java.util.Collections.sort', 'java.lang.String.charAt', 'java.lang.Object.hashCode', 'java.lang.Object.equals', 'java.util.AbstractList.equals', 'java.util.Arrays.deepEquals', 'java.util.Arrays.toString', 'java.util.Arrays.equals', 'java.util.Collections.frequency', 'java.util.function.Predicate.isEqual']",6,4
convert Object[] from a hashmap keyset to String[],['java.util.Set.toArray'],"['java.lang.Integer.toString', 'java.util.Arrays.asList', 'java.util.List.toArray', 'java.util.Collection.toArray', 'java.math.BigInteger.toString', 'java.util.Map.values', 'java.util.AbstractCollection.toArray', 'java.util.Arrays.toString', 'java.lang.Integer.valueOf', 'java.lang.String.toCharArray']",-1,-1
Fastest way to create new array with length N and fill it by repeating a given array,['java.lang.System.arraycopy'],"['java.nio.ByteBuffer.put', 'java.util.Arrays.fill', 'java.util.Collections.shuffle', 'java.util.ArrayList.add', 'java.lang.System.arraycopy', 'java.util.Collections.nCopies', 'java.util.List.toArray', 'java.util.Arrays.sort', 'java.util.Arrays.asList', 'java.util.Arrays.copyOfRange']",5,4
How to measure time taken by Java code,['java.lang.System.nanoTime'],"['java.lang.System.gc', 'java.time.Duration.to0os', 'java.lang.System.0oTime', 'java.util.Arrays.sort', 'java.lang.Runtime.getRuntime', 'java.time.Duration.toMillis', 'java.time.Instant.now', 'java.lang.Process.waitFor', 'java.lang.System.currentTimeMillis', 'java.lang.Thread.sleep']",-1,-1
Java string align to right,['java.lang.String.format'],"['java.awt.Window.setLocationRelativeTo', 'javax.swing.Scrollable.getScrollableTracksViewportWidth', 'javax.swing.AbstractButton.setHorizontalTextPosition', 'java.lang.String.split', 'javax.swing.JLabel.setHorizontalTextPosition', 'java.lang.String.format', 'javax.swing.JLabel.setHorizontalAlignment', 'javax.swing.AbstractButton.setVerticalTextPosition', 'javax.swing.AbstractButton.setVerticalAlignment', 'javax.swing.AbstractButton.setHorizontalAlignment']",6,6
toString java of arrays,['java.util.Arrays.toString'],"['java.io.PrintStream.println', 'java.lang.Class.getName', 'java.io.PrintWriter.println', 'java.lang.Object.toString', 'java.util.Arrays.deepToString', 'java.lang.Object.hashCode', 'java.util.AbstractCollection.toString', 'java.lang.String.valueOf', 'java.util.Arrays.toString', 'java.util.Arrays.equals']",9,1
How to get the current date and time of your timezone in Java,['java.util.TimeZone.getDefault'],"['java.util.Date.toString', 'java.lang.System.currentTimeMillis', 'java.text.DateFormat.format', 'java.time.Instant.now', 'java.util.TimeZone.setDefault', 'java.util.TimeZone.getDefault', 'java.time.LocalDate.now', 'java.time.ZonedDateTime.now', 'java.time.LocalDateTime.now', 'java.util.Calendar.getInstance']",6,6
How can I get screen resolution in java,"['java.awt.Toolkit.getScreenResolution', 'java.awt.Toolkit.getScreenSize']","['java.awt.Graphics.fillRect', 'java.time.Clock.tick', 'java.time.Clock.tickMinutes', 'java.awt.GraphicsConfiguration.getBounds', 'java.awt.Image.getScaledInstance', 'java.awt.image.BufferedImage.getWidth', 'javax.swing.JFrame.getContentPane', 'java.awt.image.BufferedImage.getHeight', 'java.awt.Toolkit.getScreenInsets', 'java.awt.Component.getLocationOnScreen']",-1,-1
Java: join array of primitives with separator,['java.lang.String.join'],"['java.util.stream.Collectors.toList', 'java.lang.System.arraycopy', 'java.util.Arrays.equals', 'java.util.stream.Collectors.joining', 'java.util.Arrays.asList', 'java.lang.String.split', 'java.util.Arrays.toString', 'java.util.Arrays.deepToString', 'java.util.Arrays.stream', 'java.lang.String.join']",10,1
How to wrap text in a JTextArea,['javax.swing.JTextArea.setLineWrap'],"['javax.swing.JOptionPane.showMessageDialog', 'javax.swing.text.JTextComponent.moveCaretPosition', 'javax.swing.JEditorPane.setContentType', 'javax.swing.text.JTextComponent.setCaretPosition', 'javax.swing.JTextPane.insertComponent', 'javax.swing.text.JTextComponent.getText', 'javax.swing.text.JTextComponent.selectAll', 'javax.swing.JTextArea.insert', 'javax.swing.text.JTextComponent.getCaretPosition', 'javax.swing.text.Document.getText']",-1,-1
How to convert Integer to int,['java.lang.Integer.intValue'],"['java.lang.Integer.toString', 'java.lang.Integer.valueOf', 'java.lang.Long.valueOf', 'java.lang.String.valueOf', 'java.lang.Double.toString', 'java.lang.StringBuilder.append', 'java.lang.Byte.toUnsignedInt', 'java.lang.Integer.parseInt', 'java.lang.Double.parseDouble', 'java.lang.Math.round']",-1,-1
Grouping by List of Map in Java 8,['java.util.stream.Collectors.groupingBy'],"['java.util.Map.merge', 'java.util.stream.Collectors.reducing', 'java.util.Map.getOrDefault', 'java.util.Collections.singletonMap', 'java.util.Collections.sort', 'java.util.Arrays.asList', 'java.util.stream.Collectors.toMap', 'java.util.stream.Collectors.mapping', 'java.util.stream.Collectors.groupingBy', 'java.util.Map.Entry.comparingByValue']",9,1
How to sort by two fields in Java,"['java.util.Collections.sort', 'java.lang.String.compareTo']","['java.util.Arrays.deepEquals', 'java.util.Arrays.equals', 'java.util.Collections.sort', 'java.lang.System.arraycopy', 'java.util.Comparator.comparing', 'java.util.Arrays.sort', 'java.util.Comparator.comparingInt', 'java.util.Collections.reverse', 'java.util.Arrays.copyOf', 'java.lang.String.compareTo']",3,1
How do I format a long integer as a string without separator in Java,['java.lang.Long.toString'],"['java.lang.Integer.parseInt', 'java.text.DecimalFormat.format', 'java.lang.String.format', 'java.lang.Long.toHexString', 'java.lang.Long.valueOf', 'java.lang.Integer.valueOf', 'java.lang.StringBuilder.append', 'java.lang.String.toCharArray', 'java.lang.Long.intValue', 'java.lang.Long.parseLong']",-1,-1
How to get system time in Java without creating a new Date,"['java.lang.System.currentTimeMillis', 'java.util.Date.setTime']","['java.util.TimeZone.getDefault', 'java.time.LocalDate.now', 'java.lang.System.currentTimeMillis', 'java.time.LocalDateTime.now', 'java.time.ZonedDateTime.now', 'java.util.Calendar.getInstance', 'java.time.OffsetDateTime.now', 'java.time.Instant.now', 'java.time.ZonedDateTime.of', 'java.util.GregorianCalendar.setGregorianChange']",3,6
Comparing strings with == which are declared final in Java,['java.lang.String.intern'],"['java.util.Arrays.equals', 'java.lang.String.equals', 'java.lang.String.intern', 'java.lang.Integer.equals', 'java.util.List.equals', 'java.util.Arrays.toString', 'java.lang.Long.valueOf', 'java.lang.Integer.valueOf', 'java.lang.Object.equals', 'java.lang.String.equalsIgnoreCase']",3,1
How to sort file names in ascending order,"['java.util.Collections.sort', 'java.util.Arrays.sort']","['java.util.Collections.reverseOrder', 'java.util.Collections.sort', 'java.lang.System.arraycopy', 'java.util.Collections.reverse', 'java.util.stream.Collectors.toList', 'java.util.Arrays.sort', 'java.lang.String.compareTo', 'java.lang.Comparable.compareTo', 'java.util.stream.IntStream.collect', 'java.lang.Integer.valueOf']",2,1
How to get all possible values of an enum in java? (not knowing the specific Enum),['java.lang.Class.getEnumConstants'],"['java.lang.Enum.valueOf', 'java.lang.Class.getEnumConstants', 'java.util.EnumSet.allOf', 'java.lang.Class.isEnum', 'java.util.Arrays.fill', 'java.util.EnumSet.of', 'java.lang.Class.isInstance', 'java.util.EnumSet.range', 'java.lang.Class.getDeclaredConstructors', 'java.lang.Enum.name']",2,2
Best way to exit a program when I want an exception to be thrown,['java.lang.System.exit'],"['java.lang.Runtime.addShutdownHook', 'javax.swing.JFrame.setDefaultCloseOperation', 'java.lang.Thread.interrupt', 'java.nio.file.Path.toAbsolutePath', 'java.awt.event.WindowListener.windowClosing', 'java.util.concurrent.Future.get', 'java.lang.Thread.currentThread', 'java.util.concurrent.Future.isCancelled', 'java.lang.System.exit', 'java.lang.Thread.stop']",9,2
Double value to round up in Java,['java.lang.Double.parseDouble'],"['java.math.BigDecimal.setScale', 'java.lang.Math.round', 'java.lang.Math.ceil', 'java.lang.Number.intValue', 'java.lang.Math.floor', 'java.math.BigDecimal.valueOf', 'java.lang.Double.toString', 'java.text.DecimalFormat.setRoundingMode', 'java.math.BigDecimal.divide', 'java.lang.Double.valueOf']",-1,-1
Make a negative number positive,['java.lang.Math.abs'],"['java.lang.Math.pow', 'java.lang.Math.abs', 'java.lang.Math.cbrt', 'java.lang.Math.min', 'java.lang.Float.floatToRawIntBits', 'java.lang.Integer.parseInt', 'java.lang.Float.floatToIntBits', 'java.lang.String.indexOf', 'java.lang.String.compareTo', 'java.util.Arrays.sort']",2,1
How to get the insert ID in JDBC,"['java.sql.Statement.getGeneratedKeys', 'java.sql.Statement.RETURN']","['java.sql.Connection.prepareStatement', 'java.sql.DatabaseMetaData.getUserName', 'java.sql.Statement.getGeneratedKeys', 'java.sql.Statement.executeUpdate', 'java.sql.Connection.getMetaData', 'java.sql.Connection.getSchema', 'java.sql.PreparedStatement.setTime', 'java.sql.PreparedStatement.setTimestamp', 'java.sql.PreparedStatement.setObject', 'java.sql.PreparedStatement.setDate']",3,2
Checking for a null int value from a Java ResultSet,['java.sql.ResultSet.getInt'],"['java.sql.ResultSet.getLong', 'java.util.Optional.ofNullable', 'java.sql.ResultSet.first', 'java.sql.ResultSet.isBeforeFirst', 'java.sql.ResultSet.next', 'java.lang.Integer.parseInt', 'java.lang.Integer.toString', 'java.lang.Integer.valueOf', 'java.util.Objects.isNull', 'java.lang.String.valueOf']",-1,-1
How to check if internet connection is present in java,"['java.net.InetAddress.isReachable', 'java.net.URL.openConnection']","['java.net.InetAddress.getByName', 'java.net.InetAddress.isReachable', 'java.sql.DriverManager.getConnection', 'java.awt.Desktop.isSupported', 'java.lang.Class.forName', 'java.util.Locale.getDefault', 'java.sql.Connection.isValid', 'java.sql.Connection.close', 'java.net.ServerSocket.accept', 'java.nio.file.Files.exists']",2,2
Add elements to a List while iterating over it. (Java),['java.util.List.listIterator'],"['java.util.List.iterator', 'java.util.List.listIterator', 'java.util.HashMap.values', 'java.util.ArrayList.set', 'java.util.Iterator.next', 'java.util.List.get', 'java.util.Collection.iterator', 'java.util.Iterator.remove', 'java.util.LinkedList.listIterator', 'java.util.Map.entrySet']",2,1
How to name a variable that is a copy of a parameter,['java.util.Arrays.copyOf'],"['java.lang.Class.getDeclaredField', 'java.lang.Class.getField', 'java.lang.System.arraycopy', 'java.util.Arrays.copyOf', 'java.lang.Class.isInstance', 'java.lang.reflect.Field.get', 'java.lang.Class.forName', 'java.lang.String.format', 'java.lang.Object.clone', 'java.lang.reflect.Field.set']",4,4
Equals operator for zeros (BigDecimal / Double) in Java,['java.math.BigDecimal.equals'],"['java.lang.Double.compareTo', 'java.lang.Math.ceil', 'java.lang.Double.compare', 'java.math.BigDecimal.equals', 'java.lang.Integer.valueOf', 'java.lang.Math.abs', 'java.lang.Double.equals', 'java.lang.Math.floor', 'java.math.BigDecimal.stripTrailingZeros', 'java.lang.Math.round']",4,9
java: How to fix the Unchecked cast warning,['java.lang.Class.cast'],"['java.lang.Class.asSubclass', 'java.lang.Integer.parseInt', 'java.lang.Class.cast', 'java.lang.Class.forName', 'null', 'java.util.Collections.shuffle', 'null', 'null', 'java.lang.String.isEmpty', 'null']",3,2
How to get string value from a Java field via reflection,['java.lang.reflect.Field.get'],"['java.util.Map.entrySet', 'java.lang.reflect.Field.get', 'java.lang.Class.getDeclaredConstructors', 'java.lang.Class.getDeclaredConstructor', 'java.lang.reflect.Field.getType', 'java.lang.reflect.Array.get', 'java.lang.reflect.Field.set', 'java.lang.Class.getDeclaredFields', 'java.lang.reflect.Field.getModifiers', 'java.lang.reflect.Array.set']",2,1
How can I stop a Java while loop from eating >50% of my CPU,"['java.lang.Thread.sleep', 'java.lang.System.currentTimeMillis']","['java.lang.Thread.stop', 'java.lang.Object.wait', 'java.lang.Thread.suspend', 'java.lang.Thread.sleep', 'java.lang.Thread.interrupt', 'java.lang.Object.notifyAll', 'java.lang.Thread.interrupted', 'java.lang.System.currentTimeMillis', 'java.lang.Thread.isInterrupted', 'java.util.Collections.synchronizedList']",4,4
Convert Set to List without creating new List,['java.util.List.addAll'],"['java.util.EnumSet.allOf', 'java.util.List.toArray', 'java.util.Set.toArray', 'java.util.Collections.list', 'java.util.Arrays.toString', 'java.util.Collections.unmodifiableList', 'java.util.Iterator.next', 'java.util.Arrays.asList', 'java.util.Map.keySet', 'java.util.stream.Collectors.toList']",-1,-1
How can I abort a running JDBC transaction,"['java.sql.Connection.rollback', 'java.sql.Statement.cancel']","['java.sql.Connection.abort', 'java.lang.Thread.stop', 'java.sql.Connection.prepareStatement', 'java.sql.Connection.commit', 'java.sql.Connection.createStatement', 'java.sql.Statement.executeBatch', 'java.lang.Thread.suspend', 'java.sql.Statement.setQueryTimeout', 'java.lang.Thread.interrupted', 'java.lang.Thread.interrupt']",-1,-1
How Object objects return Strings? (Java),['java.lang.Object.toString'],"['java.lang.Class.getName', 'java.lang.String.valueOf', 'java.lang.Object.toString', 'java.lang.String.equals', 'java.lang.Integer.valueOf', 'java.util.List.remove', 'java.util.Arrays.toString', 'java.lang.Class.forName', 'java.lang.Integer.parseInt', 'java.lang.Class.isInstance']",3,9
"How to wait for all threads to finish, using ExecutorService","['java.util.concurrent.ExecutorService.awaitTermination', 'java.util.concurrent.ExecutorService.shutdown']","['java.lang.Thread.join', 'java.util.concurrent.ExecutorService.shutdownNow', 'java.util.concurrent.ExecutorService.shutdown', 'java.util.concurrent.Future.get', 'java.util.concurrent.ExecutorService.awaitTermination', 'java.util.concurrent.ThreadPoolExecutor.shutdown', 'java.util.concurrent.Executors.newFixedThreadPool', 'java.util.concurrent.ExecutorService.submit', 'java.util.concurrent.Future.cancel', 'java.util.concurrent.Executors.newSingleThreadExecutor']",3,4
How to Convert a Java 8 Stream to an Array,['java.util.stream.Stream.toArray'],"['java.lang.Integer.valueOf', 'java.util.Arrays.stream', 'java.util.stream.Stream.toArray', 'java.util.stream.Stream.generate', 'java.util.stream.Stream.of', 'java.util.stream.IntStream.boxed', 'java.util.stream.LongStream.mapToObj', 'java.util.stream.IntStream.asLongStream', 'java.util.Arrays.toString', 'java.nio.file.Files.lines']",3,3
Instantiating an inner class,['java.lang.Class.newInstance'],"['java.lang.Class.getConstructor', 'java.lang.Class.newInstance', 'java.lang.Class.getConstructors', 'java.lang.Class.getDeclaringClass', 'java.lang.System.currentTimeMillis', 'java.lang.Class.getDeclaredConstructor', 'java.lang.reflect.Constructor.newInstance', 'java.lang.Class.getDeclaredMethods', 'java.util.Arrays.toString', 'java.lang.reflect.AccessibleObject.setAccessible']",2,4
Test if a string contains any of the strings from an array,['java.lang.String.matches'],"['java.lang.String.indexOf', 'java.lang.String.matches', 'java.lang.String.contains', 'java.util.List.containsAll', 'java.util.Arrays.equals', 'java.util.Arrays.toString', 'java.util.Arrays.binarySearch', 'java.util.Arrays.asList', 'java.lang.String.toCharArray', 'java.lang.String.valueOf']",2,10
java hashmap key iteration,"['java.util.Map.keySet', 'java.util.Map.entrySet', 'java.util.Map.values']","['java.util.NavigableMap.subMap', 'java.util.Map.values', 'java.util.stream.Collectors.toMap', 'java.util.Map.containsKey', 'java.util.HashMap.entrySet', 'java.lang.Object.hashCode', 'java.util.Map.keySet', 'java.lang.System.identityHashCode', 'java.util.Collection.toArray', 'java.util.List.equals']",2,1
Merge 3 arraylist to one,"['java.util.Arrays.asList', 'java.util.stream.Stream.collect', 'java.util.ArrayList.addAll']","['java.util.Arrays.sort', 'java.util.Arrays.asList', 'java.lang.System.arraycopy', 'java.util.Collections.sort', 'java.util.List.subList', 'java.util.Collections.shuffle', 'java.util.List.add', 'java.util.Set.toArray', 'java.util.ArrayList.addAll', 'java.util.Map.merge']",2,8
Combine stream of Collections into one Collection - Java 8,['java.util.stream.Stream.flatMap'],"['java.util.stream.Stream.of', 'java.util.stream.Stream.concat', 'java.util.stream.Stream.collect', 'java.util.concurrent.CopyOnWriteArrayList.spliterator', 'java.util.stream.Collectors.toList', 'java.util.stream.Stream.flatMap', 'java.util.stream.Collectors.toMap', 'java.util.stream.Collectors.groupingBy', 'java.util.stream.Collectors.mapping', 'java.util.stream.Stream.map']",6,1
Accessing non-visible classes with reflection,['java.lang.Class.forName'],"['java.lang.Class.getDeclaredClasses', 'java.lang.Class.getDeclaredFields', 'java.lang.Class.getDeclaredMethod', 'java.lang.reflect.Constructor.newInstance', 'java.lang.Object.clone', 'java.lang.Class.forName', 'java.lang.Class.getConstructor', 'java.lang.Class.newInstance', 'java.lang.reflect.Field.get', 'java.lang.Class.getMethod']",6,5
Append relative URL to java.net.URL,['java.net.URL.toURI'],"['java.net.URL.getPath', 'java.io.File.toURL', 'java.net.URL.equals', 'java.net.URL.setURLStreamHandlerFactory', 'java.lang.Class.getResource', 'java.lang.ClassLoader.findResource', 'java.net.URL.openStream', 'java.nio.file.Paths.get', 'java.lang.Integer.parseInt', 'java.nio.file.Path.relativize']",-1,-1
How to convert BigDecimal to Double in Java,['java.math.BigDecimal.doubleValue'],"['java.math.BigDecimal.valueOf', 'java.math.BigDecimal.intValue', 'java.lang.Double.toString', 'java.math.BigDecimal.intValueExact', 'java.lang.Integer.valueOf', 'java.lang.Float.toString', 'java.text.DecimalFormat.setParseBigDecimal', 'java.lang.Integer.toString', 'java.lang.String.valueOf', 'java.lang.Double.parseDouble']",-1,-1
How to add new System Properties in java,['java.lang.System.setProperty'],"['java.lang.System.setProperties', 'java.lang.SecurityManager.checkPropertyAccess', 'java.lang.System.getProperties', 'java.lang.System.getenv', 'java.lang.System.setProperty', 'java.lang.System.getProperty', 'java.lang.System.clearProperty', 'java.nio.file.Files.newByteChannel', 'java.lang.ProcessBuilder.environment', 'java.nio.channels.FileChannel.open']",5,3
Java: function for arrays like PHP's join(),['java.lang.String.join'],"['java.util.Arrays.asList', 'java.lang.String.join', 'java.lang.Thread.join', 'java.lang.Integer.valueOf', 'java.text.MessageFormat.format', 'java.util.Arrays.binarySearch', 'java.lang.Thread.run', 'java.util.Arrays.sort', 'javax.swing.SwingUtilities.invokeLater', 'java.util.regex.Matcher.find']",2,1
How can I find whitespace space in a String,['java.lang.String.matches'],"['java.lang.String.indexOf', 'java.lang.String.matches', 'java.lang.String.split', 'java.lang.Character.isSpaceChar', 'java.lang.String.toCharArray', 'java.lang.Byte.parseByte', 'java.lang.Short.parseShort', 'java.util.Arrays.toString', 'java.lang.StringBuilder.append', 'java.lang.String.replaceAll']",2,6
How can I measure the speed of code written in Java? (AI algorithms),['java.lang.System.currentTimeMillis'],"['java.lang.Thread.sleep', 'java.lang.System.0oTime', 'java.lang.System.currentTimeMillis', 'java.lang.Integer.parseInt', 'java.lang.Math.random', 'java.util.Arrays.sort', 'java.lang.Runtime.availableProcessors', 'java.lang.Integer.valueOf', 'java.lang.Math.log', 'java.lang.System.gc']",3,2
Set specific precision of a BigDecimal,['java.math.BigDecimal.setScale'],"['java.math.BigDecimal.precision', 'java.math.BigDecimal.scale', 'java.math.BigDecimal.toPlainString', 'java.math.BigDecimal.unscaledValue', 'java.math.BigDecimal.add', 'java.math.BigDecimal.valueOf', 'java.math.BigDecimal.divide', 'java.math.BigDecimal.intValue', 'java.lang.Double.toString', 'java.lang.Math.round']",-1,-1
how to check if string contains '+' character,['java.lang.String.contains'],"['java.lang.Character.isLetterOrDigit', 'java.lang.String.contains', 'java.lang.String.trim', 'java.lang.Long.parseLong', 'java.lang.String.equals', 'java.lang.Double.valueOf', 'java.lang.String.toCharArray', 'java.lang.String.split', 'java.lang.Integer.parseInt', 'java.lang.String.indexOf']",2,1
best way to reverse bytes in an int in java,"['java.lang.Integer.reverse', 'java.lang.Double.doubleToLongBits', 'java.lang.Float.floatToIntBits', 'java.lang.Integer.reverseBytes']","['java.util.Collections.reverse', 'java.lang.Byte.toUnsignedInt', 'java.lang.Integer.reverse', 'java.lang.Integer.valueOf', 'java.lang.Byte.toUnsignedLong', 'java.util.Collections.reverseOrder', 'java.lang.String.valueOf', 'java.lang.StringBuilder.append', 'java.lang.StringBuilder.reverse', 'java.util.Arrays.binarySearch']",3,2
Defensive copy of Calendar,['java.util.Calendar.getInstance'],"['java.time.LocalDate.plusWeeks', 'java.time.LocalDate.minusWeeks', 'java.util.Calendar.clone', 'java.lang.Object.clone', 'java.util.Calendar.add', 'java.util.Arrays.copyOf', 'java.lang.System.arraycopy', 'java.util.Calendar.get', 'java.time.LocalDate.now', 'java.util.GregorianCalendar.add']",-1,-1
Get MAC address on local machine with Java,"['java.net.NetworkInterface.getHardwareAddress', 'java.net.NetworkInterface.getNetworkInterfaces']","['java.net.InetAddress.getLocalHost', 'java.util.Locale.getDefault', 'java.net.InetAddress.getHostName', 'java.net.NetworkInterface.getNetworkInterfaces', 'java.net.InetAddress.getAllByName', 'java.net.Socket.bind', 'java.net.InetAddress.getByName', 'java.io.File.listRoots', 'java.net.InetAddress.getHostAddress', 'java.net.InetAddress.getCanonicalHostName']",4,4
How to get the name of a class without the package,['java.lang.Class.getSimpleName'],"['java.lang.Class.forName', 'java.lang.Package.getName', 'java.lang.Class.getDeclaredField', 'java.lang.Class.getDeclaredMethods', 'java.lang.StackTraceElement.getClassName', 'java.lang.Class.getField', 'java.lang.Class.getDeclaredFields', 'java.lang.Class.isInstance', 'java.io.File.getName', 'java.lang.reflect.Field.getType']",-1,-1
Create intermediate folders if one doesn't exist,"['java.io.File.mkdir', 'java.io.File.mkdirs']","['java.io.File.createNewFile', 'java.nio.file.Files.createFile', 'java.nio.file.Files.createDirectories', 'java.io.File.listFiles', 'java.nio.file.Files.createTempDirectory', 'java.io.File.mkdirs', 'java.nio.file.Files.notExists', 'java.io.File.exists', 'java.io.File.getCanonicalPath', 'java.nio.file.Files.copy']",6,6
how to find before and after sub-string in a string,['java.lang.String.split'],"['java.lang.String.indexOf', 'java.lang.String.contains', 'java.lang.String.split', 'java.util.regex.Matcher.end', 'java.util.Arrays.toString', 'java.lang.String.substring', 'java.lang.String.toCharArray', 'java.util.regex.Matcher.find', 'java.util.Arrays.asList', 'java.lang.String.charAt']",3,2
Java Round up Any Number,['java.lang.Math.ceil'],"['java.math.BigDecimal.divide', 'java.lang.Math.round', 'java.lang.Math.ceil', 'java.lang.Math.floor', 'java.math.BigDecimal.setScale', 'java.text.DecimalFormat.format', 'java.lang.Math.log10', 'java.text.DecimalFormat.setRoundingMode', 'java.lang.Math.log', 'java.lang.Math.pow']",3,2
Creating a draw rectangle (filled with black color) function in Java for a grid,['java.awt.Graphics.fillRect'],"['java.awt.Graphics.getClipBounds', 'java.awt.Graphics.drawPolygon', 'java.awt.Graphics.drawLine', 'javax.swing.JComponent.repaint', 'java.awt.geom.Path2D.transform', 'java.awt.geom.Area.subtract', 'java.awt.Graphics2D.fill', 'java.awt.Graphics2D.draw', 'java.awt.geom.AffineTransform.createTransformedShape', 'javax.swing.JComponent.paintComponent']",-1,-1
Alternative to successive String.replace,"['java.lang.StringBuilder.replace', 'java.lang.String.replace', 'java.lang.String.regionMatches']","['java.lang.String.replaceFirst', 'java.lang.StringBuilder.toString', 'java.lang.String.replace', 'java.lang.Integer.parseInt', 'java.lang.String.indexOf', 'java.lang.String.replaceAll', 'java.util.regex.Matcher.replaceAll', 'java.lang.String.format', 'java.lang.String.split', 'java.lang.String.valueOf']",3,1
Handling passwords used for auth in source code,"['javax.swing.JPasswordField.getPassword', 'javax.swing.JPasswordField.getText']","['java.net.Authenticator.requestPasswordAuthentication', 'org.ietf.jgss.GSSContext.requestCredDeleg', 'javax.crypto.Mac.getInstance', 'javax.naming.ldap.LdapContext.reconnect', 'java.net.Authenticator.setDefault', 'java.io.File.toURL', 'javax.swing.JPasswordField.getPassword', 'java.lang.String.getBytes', 'javax.security.auth.Subject.doAs', 'java.net.URL.openConnection']",7,7
How to capture System.exit event,['java.lang.Runtime.addShutdownHook'],"['java.lang.Process.exitValue', 'java.lang.System.exit', 'java.lang.Runtime.exit', 'javax.swing.JFrame.setDefaultCloseOperation', 'java.lang.Process.waitFor', 'java.awt.event.MouseEvent.getClickCount', 'java.lang.Runtime.addShutdownHook', 'java.lang.Thread.join', 'java.lang.Runtime.exec', 'java.nio.file.WatchKey.reset']",7,5
How do I know if I'm on the event dispatch thread,"['java.lang.Runnable.run', 'javax.swing.SwingWorker.doInBackground', 'javax.swing.SwingUtilities.invokeLater']","['java.awt.EventQueue.invokeLater', 'javax.swing.SwingUtilities.isEventDispatchThread', 'java.awt.EventQueue.dispatchEvent', 'javax.swing.SwingUtilities.invokeAndWait', 'java.awt.Component.repaint', 'javax.swing.SwingUtilities.invokeLater', 'java.awt.EventQueue.postEvent', 'java.awt.EventQueue.createSecondaryLoop', 'java.lang.Thread.join', 'java.lang.Thread.interrupt']",6,3
Quickly square a double,['java.lang.Math.pow'],"['java.lang.Math.cbrt', 'java.lang.Math.pow', 'java.math.BigDecimal.valueOf', 'java.util.Scanner.nextDouble', 'java.lang.Math.round', 'java.lang.Number.doubleValue', 'java.lang.Math.abs', 'java.awt.geom.Area.contains', 'java.lang.Double.valueOf', 'java.lang.Integer.parseInt']",2,1
How to find time taken to run java program,['java.lang.System.nanoTime'],"['java.lang.System.0oTime', 'java.lang.System.currentTimeMillis', 'java.lang.Runtime.addShutdownHook', 'java.lang.System.exit', 'java.lang.ClassLoader.getSystemClassLoader', 'java.lang.Runtime.exec', 'java.util.concurrent.ScheduledExecutorService.scheduleAtFixedRate', 'java.lang.Process.waitFor', 'java.lang.Process.destroy', 'java.lang.Thread.sleep']",-1,-1
Close one JFrame without closing another,['javax.swing.JFrame.setDefaultCloseOperation'],"['javax.swing.SwingUtilities.invokeLater', 'javax.swing.JFrame.setDefaultCloseOperation', 'java.awt.event.WindowListener.windowClosed', 'javax.swing.JDialog.setDefaultCloseOperation', 'java.awt.Window.dispose', 'java.awt.event.WindowListener.windowClosing', 'java.lang.System.exit', 'java.lang.Runtime.addShutdownHook', 'java.awt.Window.getWindows', 'javax.swing.JDesktopPane.removeAll']",2,1
How to add elements of a Java8 stream into an existing List,"['java.util.List.addAll', 'java.util.stream.Collectors.toCollection', 'java.util.ArrayList.addAll', 'java.util.stream.Collector.supplier']","['java.util.stream.Stream.of', 'java.util.stream.Stream.toArray', 'java.util.stream.Collectors.toMap', 'java.util.stream.Collectors.toList', 'java.util.stream.IntStream.filter', 'java.util.stream.Stream.forEachOrdered', 'java.util.Arrays.asList', 'java.util.stream.Stream.generate', 'java.util.stream.IntStream.findFirst', 'java.util.ArrayList.get']",-1,-1
Java how to instantiate a class from string,"['java.lang.reflect.Constructor.newInstance', 'java.lang.Class.forName']","['java.lang.Class.getConstructors', 'java.lang.Class.getConstructor', 'java.lang.Class.newInstance', 'java.lang.Class.forName', 'java.lang.Double.parseDouble', 'java.lang.String.substring', 'java.lang.String.charAt', 'java.util.Locale.getISOLanguages', 'java.lang.String.split', 'java.lang.Class.getDeclaredConstructor']",4,1
"Java, how to change current database to another",['java.sql.Connection.setCatalog'],"['java.sql.DriverManager.getConnection', 'java.time.LocalDateTime.now', 'java.awt.Component.setCursor', 'java.sql.Statement.executeBatch', 'java.time.ZonedDateTime.now', 'java.sql.Connection.isValid', 'java.lang.System.getProperties', 'java.sql.Connection.setCatalog', 'java.time.Instant.now', 'java.util.Calendar.getInstance']",8,3
How do you crash a JVM,['java.lang.System.exit'],"['java.lang.Thread.stop', 'java.lang.Runtime.addShutdownHook', 'java.lang.System.exit', 'java.lang.Process.destroy', 'java.lang.Runtime.exit', 'java.lang.System.getProperties', 'java.lang.Thread.join', 'java.lang.Thread.interrupt', 'java.lang.management.ManagementFactory.getRuntimeMXBean', 'java.lang.System.gc']",3,3
Combine collect of list with single value using streams,"['java.util.stream.Stream.of', 'java.util.stream.Stream.concat']","['java.util.stream.Stream.flatMap', 'java.util.stream.Stream.of', 'java.util.stream.Collector.of', 'java.util.stream.Collectors.groupingBy', 'java.util.Arrays.stream', 'java.util.stream.Stream.collect', 'java.util.stream.Stream.concat', 'java.util.stream.Collectors.toMap', 'java.util.stream.Collectors.mapping', 'java.util.stream.Collectors.toList']",2,2
"How to use comparison operators like >, =, < on BigDecimal",['java.math.BigDecimal.compareTo'],"['java.math.BigInteger.equals', 'java.util.Comparator.comparing', 'java.math.BigDecimal.valueOf', 'java.math.BigInteger.intValue', 'java.lang.Math.round', 'java.lang.Integer.parseInt', 'java.util.Arrays.equals', 'java.util.Collections.sort', 'java.lang.Integer.intValue', 'java.util.AbstractList.equals']",-1,-1
Sort ArrayList of custom Objects by property,"['java.util.Comparator.comparing', 'java.util.List.sort']","['java.util.Collections.reverseOrder', 'java.util.Collections.sort', 'java.util.Arrays.sort', 'java.util.List.sort', 'java.util.ArrayList.toArray', 'java.lang.Comparable.compareTo', 'java.util.Arrays.stream', 'java.lang.String.compareTo', 'java.lang.Long.compare', 'java.lang.System.0oTime']",4,5
How to stop a thread created by implementing runnable interface,"['java.lang.Thread.sleep', 'java.lang.Thread.interrupted']","['java.lang.Runnable.run', 'java.util.concurrent.ExecutorService.shutdownNow', 'java.util.concurrent.ThreadPoolExecutor.shutdownNow', 'java.util.concurrent.ScheduledThreadPoolExecutor.shutdownNow', 'java.lang.Thread.run', 'java.lang.Thread.join', 'java.lang.Thread.stop', 'java.lang.Thread.start', 'java.lang.Thread.interrupt', 'java.util.concurrent.Future.cancel']",-1,-1
instantiate class from class object,"['java.lang.Class.getConstructors', 'java.lang.Class.getConstructor', 'java.lang.Class.newInstance']","['java.lang.reflect.Constructor.newInstance', 'java.lang.Class.forName', 'java.lang.Class.getConstructors', 'java.lang.Class.getConstructor', 'java.lang.Class.newInstance', 'java.lang.Class.getDeclaredConstructor', 'java.util.regex.Pattern.splitAsStream', 'java.lang.Enum.valueOf', 'java.util.ArrayList.toArray', 'java.lang.System.getProperty']",3,6
iterator for replacing list members in Java,"['java.util.List.listIterator', 'java.util.ListIterator.set']","['java.util.List.set', 'java.util.List.get', 'java.util.List.toArray', 'java.util.Iterator.remove', 'java.lang.Class.getDeclaredFields', 'java.util.Map.keySet', 'java.util.List.subList', 'java.lang.String.join', 'java.util.Arrays.asList', 'java.util.Map.values']",-1,-1
How to generate random array of ints using Stream API Java 8,['java.util.Random.ints'],"['java.util.stream.Stream.of', 'java.util.Random.ints', 'java.util.Random.nextInt', 'java.util.stream.Stream.toArray', 'java.util.stream.Stream.iterate', 'java.util.Arrays.stream', 'java.util.stream.IntStream.iterate', 'java.util.Collections.shuffle', 'java.util.stream.IntStream.toArray', 'java.lang.Math.random']",2,2
How to reuse application of filter & map on a Stream,['java.util.stream.Stream.flatMap'],"['java.util.stream.Collectors.toMap', 'java.util.stream.Stream.collect', 'java.util.regex.Pattern.splitAsStream', 'java.util.stream.Stream.of', 'java.util.stream.Stream.filter', 'java.util.stream.Stream.reduce', 'java.util.Collections.singletonMap', 'java.util.stream.Collectors.groupingBy', 'java.util.stream.Stream.findAny', 'java.util.stream.Collectors.reducing']",-1,-1
How to check if element exists using a lambda expression,['java.util.stream.Stream.anyMatch'],"['org.w3c.dom.Element.getElementsByTagName', 'java.util.regex.Pattern.compile', 'java.util.stream.Stream.of', 'org.w3c.dom.NodeList.getLength', 'java.util.stream.Stream.anyMatch', 'java.util.stream.Collectors.toMap', 'java.util.stream.IntStream.of', 'java.util.stream.Stream.filter', 'java.util.List.add', 'java.util.Arrays.binarySearch']",5,3
How to make a separated copy of an ArrayList,['java.util.ArrayList.clone'],"['java.lang.Object.clone', 'java.util.Arrays.toString', 'java.util.Collections.unmodifiableList', 'java.util.Collections.copy', 'java.util.Arrays.asList', 'java.util.Arrays.copyOf', 'java.lang.System.arraycopy', 'java.util.Collections.sort', 'java.util.Arrays.deepToString', 'java.util.Iterator.remove']",-1,-1
Instantiate a class object with constructor that accepts a string parameter,['java.lang.Class.newInstance'],"['java.lang.reflect.Constructor.newInstance', 'java.lang.Class.forName', 'java.lang.Class.getConstructors', 'java.lang.Class.getConstructor', 'java.lang.Class.newInstance', 'java.lang.String.substring', 'java.util.regex.Pattern.splitAsStream', 'java.lang.Class.isInstance', 'java.lang.String.intern', 'java.util.Arrays.copyOf']",5,4
How to make a symlink in Java when running in Linux,"['java.nio.file.Files.createSymbolicLink', 'java.lang.Runtime.exec']","['java.awt.Desktop.open', 'java.lang.Runtime.exec', 'java.nio.file.Files.createDirectory', 'java.lang.System.getProperties', 'java.nio.file.Files.createDirectories', 'java.lang.ProcessBuilder.directory', 'java.nio.file.spi.FileSystemProvider.createSymbolicLink', 'java.io.File.mkdir', 'java.io.File.getCanonicalPath', 'java.io.File.mkdirs']",2,3
JOptionPane to get password,['javax.swing.JOptionPane.showOptionDialog'],"['javax.swing.JOptionPane.showInputDialog', 'javax.swing.JOptionPane.showMessageDialog', 'javax.swing.JOptionPane.showConfirmDialog', 'javax.swing.JOptionPane.showOptionDialog', 'java.awt.Container.getFocusTraversalKeys', 'javax.swing.JOptionPane.setWantsInput', 'java.awt.Container.remove', 'java.lang.String.valueOf', 'java.awt.Container.add', 'javax.swing.SwingUtilities.invokeLater']",4,4
How to create a multipart zip file and read it back,['java.util.zip.ZipInputStream.getNextEntry'],"['java.util.zip.ZipFile.getInputStream', 'java.nio.file.Files.newBufferedWriter', 'java.nio.file.Files.write', 'java.net.URLConnection.getInputStream', 'java.nio.file.Files.walkFileTree', 'java.net.URL.toString', 'java.nio.file.Files.walk', 'java.nio.file.Path.resolve', 'java.lang.Class.getResourceAsStream', 'java.lang.System.getProperty']",-1,-1
How to check that a string is parseable to a double,['java.lang.Double.valueOf'],"['java.lang.Double.parseDouble', 'java.math.BigDecimal.valueOf', 'java.lang.Double.toString', 'java.lang.Double.valueOf', 'java.lang.Long.valueOf', 'java.lang.Integer.parseInt', 'java.lang.Float.toString', 'java.lang.String.valueOf', 'java.text.NumberFormat.parse', 'java.text.DecimalFormat.setParseBigDecimal']",4,6
How can I pad a String in Java,['java.lang.String.format'],"['java.lang.String.split', 'java.lang.String.toCharArray', 'java.lang.Long.parseLong', 'java.lang.Short.parseShort', 'java.lang.Integer.parseInt', 'java.lang.Byte.parseByte', 'javax.xml.bind.DatatypeConverter.printHexBinary', 'java.lang.String.format', 'java.lang.StringBuilder.append', 'java.util.Arrays.toString']",8,8
Tokenizing a String but ignoring delimiters within quotes,['java.lang.String.split'],"['java.util.regex.Pattern.quote', 'java.lang.String.split', 'java.lang.String.format', 'java.lang.String.replaceAll', 'java.lang.String.substring', 'java.util.Arrays.toString', 'java.lang.String.contains', 'java.lang.StringBuilder.deleteCharAt', 'java.lang.String.equals', 'java.util.regex.Matcher.find']",2,2
"Given a string in Java, just take the first X letters",['java.lang.String.substring'],"['java.lang.Integer.parseInt', 'java.lang.String.substring', 'java.lang.String.split', 'java.lang.Character.toLowerCase', 'java.lang.Character.toString', 'java.lang.String.replaceAll', 'java.lang.Long.parseLong', 'java.lang.String.toCharArray', 'java.lang.String.lastIndexOf', 'java.lang.String.valueOf']",2,4
Preferred Java way to ping an HTTP URL for availability,"['java.net.InetAddress.isReachable', 'java.net.HttpURLConnection.setRequestMethod']","['java.net.URL.openConnection', 'java.net.URLStreamHandler.openConnection', 'java.net.InetAddress.isReachable', 'javax.xml.ws.Service.getPort', 'java.net.Authenticator.setDefault', 'java.rmi.registry.LocateRegistry.createRegistry', 'java.net.URLConnection.connect', 'java.net.URLEncoder.encode', 'javax.imageio.ImageIO.read', 'javax.crypto.Cipher.init']",3,3
JFileChooser change default directory in Windows,['javax.swing.JFileChooser.setCurrentDirectory'],"['javax.swing.JFileChooser.setFileSelectionMode', 'javax.swing.JFileChooser.getCurrentDirectory', 'javax.swing.JFileChooser.setControlButtonsAreShown', 'javax.swing.UIManager.getDefaults', 'javax.swing.JFileChooser.getSelectedFile', 'java.io.File.list', 'java.nio.file.Files.newDirectoryStream', 'javax.swing.SwingUtilities.getWindowAncestor', 'javax.swing.UIManager.put', 'javax.swing.UIManager.getLookAndFeelDefaults']",-1,-1
How can I check if an InputStream is empty without reading from it,['java.io.InputStream.available'],"['javax.imageio.ImageIO.read', 'javax.sound.sampled.AudioSystem.getAudioInputStream', 'java.io.BufferedReader.read', 'java.util.stream.Stream.empty', 'javax.imageio.ImageIO.createImageInputStream', 'java.io.InputStream.close', 'java.nio.file.Files.lines', 'java.io.PipedOutputStream.write', 'java.io.PipedInputStream.receive', 'java.util.Collections.disjoint']",-1,-1
Replace part of a string between indexes in Java,['java.lang.String.substring'],"['java.lang.String.replaceAll', 'java.lang.String.replace', 'java.lang.String.indexOf', 'java.lang.String.replaceFirst', 'java.lang.String.valueOf', 'java.lang.String.toCharArray', 'java.util.regex.Matcher.appendReplacement', 'java.util.regex.Matcher.replaceAll', 'java.util.regex.Matcher.appendTail', 'java.util.regex.Matcher.quoteReplacement']",-1,-1
Java negative indexOf (counting from the end [length()] ),"['java.lang.String.indexOf', 'java.lang.String.lastIndexOf']","['java.lang.Integer.parseInt', 'java.lang.String.valueOf', 'java.lang.String.indexOf', 'java.lang.Long.parseLong', 'java.lang.Math.pow', 'java.lang.String.split', 'java.lang.String.length', 'java.lang.Math.log', 'java.lang.StringBuilder.delete', 'java.util.Collection.toArray']",3,2
Set System Property for JUnit Runner (Eclipse) to test a Spring Web App,['java.lang.System.setProperty'],"['java.lang.System.getProperty', 'java.lang.ClassLoader.getSystemResourceAsStream', 'java.util.Locale.setDefault', 'java.lang.Class.getResourceAsStream', 'java.lang.System.exit', 'java.sql.Connection.close', 'java.io.BufferedReader.readLine', 'null', 'null', 'null']",-1,-1
Waiting on a condition in a reentrant lock,['java.util.concurrent.locks.Condition.await'],"['java.util.concurrent.locks.ReentrantLock.newCondition', 'java.util.concurrent.locks.Condition.await', 'java.util.concurrent.locks.ReentrantLock.lock', 'java.util.concurrent.locks.ReentrantReadWriteLock.WriteLock.lock', 'java.util.concurrent.locks.Condition.signalAll', 'java.lang.Object.wait', 'java.util.concurrent.locks.ReentrantLock.unlock', 'java.lang.Thread.sleep', 'java.lang.Thread.start', 'java.util.Collections.synchronizedList']",2,2
How can I check if multiplying two numbers in Java will cause an overflow,['java.lang.Math.multiplyExact'],"['java.lang.Integer.parseInt', 'java.lang.Math.addExact', 'java.lang.Math.incrementExact', 'java.lang.Math.decrementExact', 'java.lang.Math.negateExact', 'java.lang.Math.subtractExact', 'java.lang.Math.toIntExact', 'java.lang.Math.multiplyExact', 'java.math.BigDecimal.divide', 'java.lang.Integer.valueOf']",8,8
How do I properly load a BufferedImage in java,['javax.imageio.ImageIO.read'],"['java.awt.image.Raster.createInterleavedRaster', 'java.awt.image.BufferedImage.setRGB', 'java.awt.image.BufferedImage.getColorModel', 'java.awt.image.ColorModel.getColorSpace', 'java.awt.image.Raster.createRaster', 'java.awt.Graphics.drawImage', 'javax.imageio.ImageIO.read', 'java.awt.Image.getScaledInstance', 'java.lang.ClassLoader.getSystemResource', 'java.awt.Component.repaint']",7,7
How can I iterate over the elements in Hashmap,"['java.util.HashMap.values', 'java.util.HashMap.keySet']","['java.util.Iterator.next', 'java.util.Map.entrySet', 'java.util.Iterator.remove', 'java.util.ArrayList.get', 'java.util.List.get', 'java.util.ArrayList.set', 'java.util.stream.Collectors.toMap', 'java.util.Collections.synchronizedList', 'java.util.Map.Entry.getValue', 'java.util.Map.computeIfAbsent']",-1,-1
How to ensure order of processing in java8 streams,"['java.util.stream.Stream.forEachOrdered', 'java.util.stream.Stream.iterate', 'java.util.stream.BaseStream.unordered', 'java.util.stream.Stream.forEach', 'java.util.stream.Stream.generate', 'java.util.stream.package-summary.Ordering']","['java.util.stream.Stream.of', 'java.util.stream.Stream.flatMap', 'java.nio.file.Files.lines', 'java.util.stream.Stream.distinct', 'java.util.stream.Stream.forEach', 'java.util.regex.Pattern.splitAsStream', 'java.util.concurrent.Executors.newWorkStealingPool', 'java.util.stream.Collectors.toList', 'java.util.stream.Stream.collect', 'java.util.List.spliterator']",5,4
How do I get a UTC Timestamp from Calendar,['java.util.Calendar.getTime'],"['java.util.Date.toString', 'java.util.Calendar.getTime', 'java.sql.Timestamp.getTime', 'java.util.Calendar.getInstance', 'java.sql.Timestamp.valueOf', 'java.time.Instant.now', 'java.text.DateFormat.setTimeZone', 'java.util.TimeZone.getAvailableIDs', 'java.sql.PreparedStatement.setTimestamp', 'java.text.DateFormat.format']",2,1
"How can I get the size of an array, a Collection, or a String in Java","['java.util.Collection.size', 'java.lang.String.length', 'java.util.Map.size']","['java.lang.Integer.valueOf', 'java.util.Arrays.toString', 'java.util.Arrays.asList', 'java.util.List.subList', 'java.lang.String.toCharArray', 'java.util.Collections.sort', 'java.lang.String.valueOf', 'java.util.Arrays.deepToString', 'java.lang.Byte.parseByte', 'java.lang.Integer.parseInt']",-1,-1
How to Find the Default Charset/Encoding in Java,['java.nio.charset.Charset.defaultCharset'],"['java.lang.String.getBytes', 'java.nio.charset.Charset.defaultCharset', 'java.nio.charset.Charset.availableCharsets', 'java.util.Base64.getEncoder', 'java.net.URLEncoder.encode', 'java.io.InputStreamReader.getEncoding', 'javax.security.cert.Certificate.getEncoded', 'java.nio.file.Files.write', 'java.io.DataOutputStream.writeUTF', 'java.lang.String.format']",2,2
How to obtain the start time and end time of a day,['java.time.LocalDate.atStartOfDay'],"['java.time.Period.between', 'java.time.LocalDate.ofEpochDay', 'java.time.LocalDate.of', 'java.time.LocalDate.atStartOfDay', 'java.time.LocalDate.now', 'java.time.LocalDateTime.now', 'java.time.ZonedDateTime.with', 'java.util.GregorianCalendar.getWeekYear', 'java.util.Calendar.getActualMaximum', 'java.util.Calendar.getFirstDayOfWeek']",4,5
How to insert NULL in mysql especially INT dataType,['java.sql.PreparedStatement.setNull'],"['java.sql.PreparedStatement.setInt', 'java.sql.PreparedStatement.setNull', 'java.sql.PreparedStatement.setTimestamp', 'java.sql.PreparedStatement.setTime', 'java.sql.DatabaseMetaData.getColumns', 'java.sql.PreparedStatement.setObject', 'java.sql.ResultSet.getInt', 'java.sql.Statement.executeBatch', 'java.sql.PreparedStatement.executeUpdate', 'java.sql.ResultSet.wasNull']",2,2
How do I schedule a task to run once,"['index.java', 'java.util.concurrent.ScheduledExecutorService.schedule', 'java.util.concurrent.Future.cancel']","['java.util.concurrent.Executors.newScheduledThreadPool', 'java.util.concurrent.Executors.newSingleThreadScheduledExecutor', 'java.util.concurrent.ExecutorService.shutdownNow', 'java.util.concurrent.Future.cancel', 'java.util.TimerTask.cancel', 'java.util.concurrent.ScheduledExecutorService.scheduleWithFixedDelay', 'java.util.concurrent.ScheduledExecutorService.scheduleAtFixedRate', 'java.util.concurrent.ExecutorService.awaitTermination', 'java.util.concurrent.ExecutorService.shutdown', 'java.util.concurrent.ThreadPoolExecutor.getQueue']",4,5
How to change JFrame icon,"['java.awt.Window.setIconImages', 'javax.swing.JFrame.setIconImage']","['javax.swing.AbstractButton.setSelectedIcon', 'javax.swing.JFrame.setDefaultLookAndFeelDecorated', 'javax.swing.JFrame.setIconImage', 'javax.swing.AbstractButton.setIcon', 'java.awt.TrayIcon.setImage', 'javax.swing.JOptionPane.showMessageDialog', 'java.awt.Window.setIconImages', 'java.awt.Component.setBounds', 'javax.swing.SwingUtilities.invokeLater', 'javax.swing.AbstractButton.setContentAreaFilled']",3,4
Calendar date to yyyy-MM-dd format in java,['java.util.Date.toString'],"['java.text.DateFormat.format', 'java.util.Date.toString', 'java.time.OffsetDateTime.parse', 'java.time.LocalDate.parse', 'java.sql.Timestamp.valueOf', 'java.time.ZonedDateTime.toString', 'java.time.YearMonth.parse', 'java.sql.Date.toLocalDate', 'java.util.Date.before', 'java.util.Date.after']",2,2
Checking if a class is java.lang.Enum,['java.lang.Class.isEnum'],"['java.lang.Class.isAssignableFrom', 'java.lang.Class.forName', 'java.util.EnumSet.noneOf', 'java.lang.Enum.valueOf', 'java.lang.Class.newInstance', 'java.lang.Class.cast', 'java.lang.Class.getMethod', 'java.lang.Object.hashCode', 'java.lang.Class.getEnumConstants', 'java.util.EnumSet.allOf']",-1,-1
"BigDecimal, precision and scale","['java.math.BigDecimal.scale', 'java.math.BigDecimal.precision']","['java.math.BigDecimal.divide', 'java.math.BigDecimal.scale', 'java.math.BigDecimal.setScale', 'java.math.BigDecimal.valueOf', 'java.math.BigDecimal.scaleByPowerOfTen', 'java.math.BigDecimal.movePointRight', 'java.math.BigDecimal.movePointLeft', 'java.math.BigDecimal.toPlainString', 'java.math.BigDecimal.equals', 'java.math.BigDecimal.stripTrailingZeros']",2,3
how to detect operating system language (locale) from java code,['java.util.Locale.getDefault'],"['java.lang.System.getProperties', 'java.util.Locale.getDefault', 'java.util.Locale.setDefault', 'java.lang.System.getenv', 'java.util.Locale.getLanguage', 'java.util.Locale.toString', 'java.util.Locale.getISO3Language', 'java.util.Locale.getAvailableLocales', 'java.io.File.listRoots', 'java.util.Locale.toLanguageTag']",2,2
How to dynamically monitor Java heap size,"['java.lang.Runtime.maxMemory', 'java.lang.Runtime.totalMemory']","['java.lang.management.ManagementFactory.getMemoryMXBean', 'java.lang.System.gc', 'java.lang.Runtime.freeMemory', 'java.awt.Component.getSize', 'java.lang.Runtime.totalMemory', 'javax.swing.plaf.ComponentUI.getMaximumSize', 'java.util.Arrays.copyOf', 'java.util.List.toArray', 'java.lang.Thread.start', 'java.lang.System.arraycopy']",5,5
Android - Check whether a value exist in an Array,"['java.util.List.contains', 'java.util.Arrays.asList']","['java.util.Arrays.binarySearch', 'java.lang.Object.equals', 'java.util.Arrays.equals', 'java.lang.Class.getDeclaredMethods', 'java.util.EnumSet.allOf', 'java.util.Arrays.asList', 'java.lang.Class.isInstance', 'java.util.List.isEmpty', 'java.lang.String.contains', 'java.lang.Integer.parseInt']",6,4
How do you escape colon (:) in Properties file,['java.util.Properties.store'],"['java.util.regex.Pattern.quote', 'java.util.regex.Matcher.quoteReplacement', 'java.util.Properties.store', 'java.util.Properties.load', 'java.lang.String.replaceAll', 'java.lang.String.replaceFirst', 'java.util.regex.Matcher.replaceAll', 'java.lang.String.split', 'java.nio.file.Paths.get', 'java.lang.String.replace']",3,2
Java 8 streams: process every possible pair of elements from list,['java.util.stream.Stream.flatMap'],"['java.util.stream.Stream.of', 'java.util.stream.Stream.flatMap', 'java.util.stream.Stream.iterate', 'java.util.stream.Stream.map', 'java.util.stream.Stream.mapToLong', 'java.util.stream.IntStream.boxed', 'java.util.stream.Collectors.toList', 'java.util.stream.Collectors.mapping', 'java.util.stream.Collectors.groupingBy', 'java.util.regex.Pattern.splitAsStream']",2,2
How to iterate through ArrayList of objects,['java.util.ArrayList.get'],"['java.util.List.listIterator', 'java.util.HashMap.values', 'java.util.Collections.synchronizedList', 'java.util.HashMap.keySet', 'java.util.ArrayList.toArray', 'java.util.Arrays.asList', 'java.util.List.get', 'java.util.Collections.sort', 'java.util.List.equals', 'java.util.List.remove']",-1,-1
How can I run my haskell functions through Java,['java.lang.Runtime.exec'],"['java.lang.Runtime.getRuntime', 'java.lang.Runtime.exec', 'java.lang.Process.getOutputStream', 'java.lang.System.exit', 'java.lang.Process.getInputStream', 'java.lang.Process.exitValue', 'java.lang.System.0oTime', 'java.sql.CallableStatement.registerOutParameter', 'java.util.stream.IntStream.flatMap', 'java.lang.Enum.valueOf']",2,2
How can I exchange the first and last characters of a string in Java,"['java.lang.String.replace', 'java.lang.String.substring']","['java.lang.Integer.toString', 'java.lang.String.charAt', 'java.lang.Byte.parseByte', 'java.lang.Short.parseShort', 'java.lang.String.toCharArray', 'java.lang.CharSequence.charAt', 'java.lang.String.lastIndexOf', 'java.lang.String.replaceAll', 'java.lang.StringBuffer.setLength', 'java.lang.StringBuilder.append']",-1,-1
How to get generic type information from getAnnotatedParameterTypes() in Java 8,"['java.lang.reflect.Executable.getAnnotatedParameterTypes', 'java.lang.reflect.Method.getGenericParameterTypes']","['java.lang.reflect.Method.invoke', 'java.lang.reflect.Field.getGenericType', 'java.lang.Class.getGenericInterfaces', 'java.lang.reflect.Method.getGenericParameterTypes', 'java.lang.reflect.ParameterizedType.getActualTypeArguments', 'java.lang.Class.getMethod', 'java.lang.Class.forName', 'java.lang.Class.isInstance', 'java.lang.Object.getClass', 'java.lang.Class.getDeclaredMethods']",4,4
getting file creator/owner attributes in Java,['java.nio.file.Files.getOwner'],"['org.w3c.dom.Element.getAttribute', 'org.w3c.dom.Node.getAttributes', 'java.nio.file.Files.setAttribute', 'org.w3c.dom.Node.getNodeValue', 'java.lang.System.getProperties', 'java.nio.file.Files.getAttribute', 'org.w3c.dom.Node.getChildNodes', 'java.nio.file.Files.getOwner', 'javax.swing.text.html.parser.Element.getAttributes', 'java.util.jar.JarFile.entries']",8,5
Interrupt java thread running nashorn script,"['java.lang.Thread.interrupted', 'java.lang.Thread.stop']","['java.lang.Thread.isInterrupted', 'java.lang.Thread.interrupted', 'java.lang.Thread.interrupt', 'java.lang.Thread.join', 'java.util.concurrent.locks.Lock.lockInterruptibly', 'java.util.concurrent.ExecutorService.shutdownNow', 'java.lang.Object.wait', 'java.lang.Thread.currentThread', 'java.lang.Thread.stop', 'java.lang.Thread.start']",2,2
How cancel the execution of a SwingWorker,['javax.swing.SwingWorker.cancel'],"['javax.swing.SwingWorker.execute', 'javax.swing.SwingWorker.cancel', 'java.util.concurrent.ScheduledThreadPoolExecutor.shutdownNow', 'java.util.concurrent.Future.cancel', 'java.util.concurrent.ScheduledExecutorService.scheduleAtFixedRate', 'java.util.concurrent.ThreadPoolExecutor.shutdown', 'java.util.concurrent.Executors.newScheduledThreadPool', 'java.util.concurrent.ScheduledExecutorService.schedule', 'java.lang.Thread.currentThread', 'java.util.Timer.schedule']",2,4
how to create a file in Java only if one doesn't already exist,['java.io.File.createNewFile'],"['java.nio.file.Files.createDirectories', 'java.nio.file.Files.newBufferedWriter', 'java.io.File.createNewFile', 'java.nio.file.Files.newByteChannel', 'java.nio.file.Files.write', 'java.nio.file.Files.newOutputStream', 'java.io.File.exists', 'java.nio.channels.FileChannel.open', 'java.nio.file.Files.createDirectory', 'java.nio.file.Files.exists']",3,4
How to collect DoubleStream to List,"['java.util.stream.DoubleStream.boxed', 'java.lang.Double.parseDouble', 'java.lang.Double.valueOf', 'java.util.stream.Stream.mapToDouble']","['java.util.stream.IntStream.asLongStream', 'java.util.Collections.unmodifiableList', 'java.util.stream.Collectors.toMap', 'java.util.stream.Collectors.summarizingDouble', 'java.util.stream.Stream.mapToInt', 'java.util.stream.Collectors.toList', 'java.util.Arrays.asList', 'java.util.Collections.sort', 'java.util.stream.Collectors.toCollection', 'java.util.Collection.addAll']",-1,-1
Java Streams: find if stream contains null,['java.util.stream.Stream.findAny'],"['org.omg.CORBA.portable.InputStream.read', 'java.util.stream.Stream.empty', 'java.util.Arrays.stream', 'java.util.stream.Stream.anyMatch', 'java.util.stream.Stream.max', 'java.util.Objects.isNull', 'java.io.InputStream.close', 'java.nio.file.Files.find', 'java.util.Optional.ofNullable', 'java.util.OptionalInt.orElseThrow']",-1,-1
Listing only files in directory,['java.io.File.isFile'],"['java.io.File.listFiles', 'java.io.File.list', 'java.util.jar.JarFile.entries', 'java.nio.file.Files.newDirectoryStream', 'java.nio.file.spi.FileSystemProvider.newDirectoryStream', 'java.nio.file.Files.copy', 'java.nio.file.Files.walkFileTree', 'java.nio.file.Files.find', 'java.io.File.exists', 'java.nio.file.Files.walk']",-1,-1
How to blur a portion of an image with JAVA,['java.awt.image.BufferedImage.getSubimage'],"['java.awt.Graphics.drawImage', 'javax.imageio.ImageIO.write', 'java.awt.Graphics.fillRect', 'java.awt.geom.AffineTransform.getShearInstance', 'javax.imageio.ImageIO.getReaderFormatNames', 'java.awt.image.BufferedImage.getColorModel', 'java.awt.Graphics.clipRect', 'java.awt.Image.getScaledInstance', 'javax.imageio.ImageIO.read', 'java.applet.Applet.getCodeBase']",-1,-1
Java Stream API - count items of a nested list,"['java.util.stream.Stream.mapToInt', 'java.util.stream.IntStream.sum']","['java.util.stream.Collectors.counting', 'java.util.stream.IntStream.sum', 'java.util.stream.Stream.of', 'java.util.stream.Stream.flatMap', 'java.util.stream.Stream.flatMapToInt', 'java.util.stream.Collectors.groupingBy', 'java.util.stream.Collectors.summingInt', 'java.util.Arrays.asList', 'java.util.Arrays.stream', 'java.util.stream.Stream.findFirst']",2,4
Show an animated BG in Swing,"['java.awt.Graphics.drawImage', 'java.awt.Component.imageUpdate']","['javax.swing.ImageIcon.setImageObserver', 'java.awt.Component.imageUpdate', 'javax.swing.SwingUtilities.invokeLater', 'null', 'javax.swing.UIManager.put', 'java.lang.Thread.sleep', 'null', 'null', 'null', 'null']",2,2
How to append text to file in Java 8 using specified Charset,['java.nio.file.Files.write'],"['java.nio.file.Files.newBufferedWriter', 'java.nio.file.Files.write', 'java.nio.file.Paths.get', 'java.nio.file.Files.readAllLines', 'java.nio.charset.Charset.forName', 'java.nio.file.Files.lines', 'java.nio.charset.Charset.defaultCharset', 'java.util.Base64.Encoder.wrap', 'java.awt.Desktop.open', 'java.lang.String.format']",2,2
Setting log level for inner class (in Glassfish),['java.util.logging.Logger.getLogger'],"['java.util.logging.Logger.setLevel', 'java.util.logging.Logger.log', 'java.util.logging.Logger.info', 'java.util.logging.Logger.getLogger', 'java.lang.Thread.setDefaultUncaughtExceptionHandler', 'java.util.logging.LogManager.readConfiguration', 'java.lang.reflect.AccessibleObject.setAccessible', 'java.lang.Class.getDeclaredMethods', 'java.util.logging.Level.parse', 'java.lang.System.console']",4,4
Java enums in generic type,['java.lang.Enum.valueOf'],"['java.lang.Class.getEnumConstants', 'java.lang.Enum.valueOf', 'java.util.EnumSet.complementOf', 'java.lang.reflect.Field.getType', 'java.lang.reflect.Array.newInstance', 'java.lang.Class.cast', 'null', 'null', 'java.lang.Class.newInstance', 'java.util.List.toArray']",2,2
Align Strings in columns in JTextArea,"['java.util.Formatter.syntax', 'java.lang.String.format']","['javax.swing.JTextField.setHorizontalAlignment', 'javax.swing.JLabel.setVerticalAlignment', 'javax.swing.JLabel.setHorizontalAlignment', 'javax.swing.Scrollable.getScrollableTracksViewportWidth', 'javax.swing.SwingUtilities.invokeLater', 'javax.swing.text.JTextComponent.getCaretPosition', 'javax.swing.JTextArea.insert', 'javax.swing.JLabel.setVerticalTextPosition', 'javax.swing.JTextArea.setWrapStyleWord', 'javax.swing.JTextArea.setLineWrap']",-1,-1
Measuring Download Speed Java,['java.lang.System.nanoTime'],"['java.lang.System.currentTimeMillis', 'java.lang.System.0oTime', 'java.lang.Thread.sleep', 'java.util.Arrays.sort', 'java.nio.ByteBuffer.get', 'java.util.Collections.shuffle', 'java.lang.Math.log10', 'java.lang.System.gc', 'java.nio.file.Files.copy', 'java.nio.channels.FileChannel.transferTo']",-1,-1
Properly closing SSLSocket,['java.net.Socket.close'],"['java.net.Socket.isClosed', 'java.net.Socket.isConnected', 'javax.net.ssl.SSLSocketFactory.createSocket', 'java.net.Socket.close', 'javax.net.ssl.SSLSocket.startHandshake', 'java.io.FilterOutputStream.close', 'java.io.FileInputStream.close', 'java.sql.Connection.close', 'java.io.PrintWriter.checkError', 'javax.net.ssl.SSLContext.getInstance']",4,4
Java starting another Java Application,['java.lang.Runtime.exec'],"['java.awt.Desktop.open', 'java.lang.Thread.start', 'java.lang.Runtime.getRuntime', 'java.lang.System.exit', 'java.awt.Desktop.getDesktop', 'java.lang.Process.exitValue', 'java.lang.ClassLoader.loadClass', 'java.awt.Desktop.browse', 'java.lang.Runtime.exec', 'java.lang.Runtime.halt']",9,7
Program to get all files within a directory in Java,['java.io.File.list'],"['java.nio.file.Files.newDirectoryStream', 'java.nio.file.Files.copy', 'java.applet.Applet.getCodeBase', 'java.io.File.listFiles', 'java.nio.file.Files.walkFileTree', 'java.nio.file.Files.createDirectories', 'java.io.File.list', 'java.util.zip.ZipFile.getInputStream', 'java.util.jar.JarFile.entries', 'java.nio.file.Files.walk']",7,6
Setting the default application icon image in Java swing on OS X,['javax.swing.JFrame.setIconImage'],"['javax.swing.UIManager.getIcon', 'javax.swing.JFrame.setIconImage', 'java.awt.Frame.setUndecorated', 'java.awt.Toolkit.getDefaultToolkit', 'javax.swing.JComponent.setOpaque', 'javax.swing.JRootPane.setDefaultButton', 'javax.swing.UIManager.put', 'java.awt.Component.setBounds', 'javax.swing.SwingUtilities.invokeLater', 'javax.swing.UIManager.setLookAndFeel']",2,2
Remove end of line characters from end of Java String,['java.lang.String.trim'],"['java.lang.String.replaceAll', 'java.lang.String.trim', 'java.lang.String.replace', 'java.lang.String.substring', 'java.lang.StringBuilder.deleteCharAt', 'java.lang.String.indexOf', 'java.io.BufferedReader.readLine', 'java.lang.String.startsWith', 'java.lang.String.lastIndexOf', 'java.lang.Integer.parseInt']",2,1
How to determine last element when using an iterator,['java.util.Iterator.hasNext'],"['java.util.List.listIterator', 'java.util.Iterator.remove', 'java.lang.System.arraycopy', 'java.util.Set.iterator', 'java.util.ArrayList.toArray', 'java.util.ArrayList.get', 'java.util.List.indexOf', 'java.util.List.add', 'java.util.List.get', 'java.util.ListIterator.previous']",-1,-1
passing parameters to a JDBC PreparedStatement,['java.sql.PreparedStatement.setString'],"['java.sql.PreparedStatement.addBatch', 'java.sql.PreparedStatement.setArray', 'java.sql.PreparedStatement.setObject', 'java.sql.PreparedStatement.setInt', 'java.sql.Date.valueOf', 'java.sql.Statement.executeQuery', 'java.sql.Statement.executeUpdate', 'java.sql.Statement.addBatch', 'java.sql.ResultSet.getObject', 'java.sql.Timestamp.valueOf']",-1,-1
How to iterate from last to first an ArrayList,['java.util.List.listIterator'],"['java.util.Iterator.remove', 'java.util.List.remove', 'java.lang.System.arraycopy', 'java.util.LinkedList.remove', 'java.util.Collections.unmodifiableList', 'java.util.ArrayList.remove', 'java.util.Collections.reverse', 'java.util.Iterator.hasNext', 'java.util.Collections.rotate', 'java.util.ArrayList.get']",-1,-1
Java scroll JScrollPane with JPanel within to bottom,"['javax.swing.JComponent.scrollRectToVisible', 'javax.swing.JScrollPane.getVerticalScrollBar']","['javax.swing.JScrollPane.getViewport', 'javax.swing.JComponent.setBorder', 'javax.swing.JComponent.scrollRectToVisible', 'null', 'null', 'javax.swing.text.DefaultCaret.setUpdatePolicy', 'null', 'null', 'javax.swing.JScrollBar.addAdjustmentListener', 'javax.swing.SwingUtilities.invokeLater']",3,3
how to make multiple line string to single line string,['java.lang.String.replaceAll'],"['java.lang.String.split', 'java.lang.String.replaceAll', 'java.io.InputStreamReader.read', 'java.util.stream.IntStream.of', 'java.lang.System.lineSeparator', 'java.lang.StringBuilder.deleteCharAt', 'java.lang.String.equals', 'java.lang.String.format', 'java.util.Arrays.toString', 'java.lang.String.replace']",2,3
How do I iterate over an Array field reflectively,['java.lang.reflect.Field.get'],"['java.util.HashMap.values', 'java.util.HashMap.keySet', 'java.lang.Class.getDeclaredConstructors', 'java.lang.Class.getDeclaredConstructor', 'java.lang.Class.getComponentType', 'java.lang.Class.isArray', 'java.lang.Class.getDeclaredFields', 'java.lang.reflect.Field.getType', 'java.util.Iterator.next', 'java.lang.Class.getConstructor']",-1,-1
"Inserting values in Map< K, V >",['java.util.Map.put'],"['java.util.Map.computeIfAbsent', 'java.util.stream.Collectors.groupingBy', 'java.util.Map.get', 'java.util.stream.Collectors.toMap', 'java.util.Map.put', 'java.util.Map.Entry.equals', 'java.util.Map.entrySet', 'java.util.stream.Stream.collect', 'java.util.Map.getOrDefault', 'java.util.Collections.sort']",5,5
Select a particular type of file in java,['java.io.File.listFiles'],"['javax.swing.JFileChooser.getSelectedFiles', 'javax.swing.JFileChooser.setMultiSelectionEnabled', 'java.awt.FileDialog.setMultipleMode', 'javax.xml.xpath.XPath.evaluate', 'java.lang.Runtime.exec', 'javax.swing.JTabbedPane.setSelectedIndex', 'java.io.File.listFiles', 'java.lang.ProcessBuilder.directory', 'java.lang.ProcessBuilder.start', 'java.lang.Class.getResourceAsStream']",7,4
How to get key position from a HashMap in Java,['java.util.Map.keySet'],"['java.util.Map.Entry.getKey', 'java.util.HashMap.get', 'java.util.Map.get', 'java.util.Map.Entry.getValue', 'java.util.HashMap.keySet', 'java.util.Map.size', 'java.util.HashMap.put', 'java.util.HashMap.clone', 'java.util.Map.entrySet', 'java.util.Map.keySet']",10,9
Determine if a Java `Lock` is held by the current thread,['java.util.concurrent.locks.ReentrantLock.isHeldByCurrentThread'],"['java.lang.Thread.currentThread', 'java.lang.Thread.holdsLock', 'java.util.Collections.synchronizedMap', 'java.util.concurrent.locks.Lock.tryLock', 'java.time.format.DateTimeFormatter.withZone', 'java.lang.Thread.sleep', 'java.util.Locale.setDefault', 'java.util.concurrent.CountDownLatch.await', 'java.util.concurrent.ExecutorService.invokeAll', 'java.util.concurrent.Executors.newScheduledThreadPool']",-1,-1
How to create a Class of primitive array,['java.lang.Class.getName'],"['java.lang.reflect.Array.newInstance', 'java.lang.Class.isArray', 'java.lang.reflect.Array.getLength', 'java.lang.System.arraycopy', 'java.lang.Class.isInstance', 'java.lang.Class.forName', 'java.util.Arrays.fill', 'java.util.stream.Stream.toArray', 'java.util.Arrays.stream', 'java.util.Arrays.toString']",-1,-1
Hash a double in Java,"['java.lang.Double.hashCode', 'java.lang.Double.doubleToLongBits']","['java.math.BigDecimal.valueOf', 'java.lang.Double.toString', 'java.lang.Double.equals', 'java.util.Objects.hash', 'java.lang.Integer.valueOf', 'java.util.Arrays.hashCode', 'java.lang.Object.hashCode', 'java.util.Objects.hashCode', 'java.lang.Math.abs', 'java.lang.String.valueOf']",-1,-1
Read/write blob data in chunks with Hibernate,['java.sql.Blob.getBinaryStream'],"['java.io.FileInputStream.read', 'java.sql.Connection.createBlob', 'java.io.DataInputStream.readFully', 'java.io.InputStream.read', 'java.nio.ByteBuffer.compact', 'javax.imageio.ImageIO.read', 'java.lang.String.split', 'java.io.File.length', 'java.util.Arrays.deepEquals', 'java.util.Arrays.equals']",-1,-1
Efficient way to convert io.netty.buffer.ByteBuf to java.nio.ByteBuffer,['java.nio.ByteBuffer.wrap'],"['java.nio.charset.Charset.decode', 'java.nio.ByteBuffer.order', 'java.nio.ByteBuffer.asCharBuffer', 'java.nio.ByteBuffer.array', 'java.nio.ByteBuffer.wrap', 'java.nio.ByteBuffer.asIntBuffer', 'java.nio.channels.Channels.newChannel', 'java.nio.charset.Charset.encode', 'java.io.StringWriter.toString', 'java.nio.FloatBuffer.wrap']",5,5
Java - Draw a ruler (line with tick marks at 90 degree angle),"['java.awt.Graphics.create', 'java.lang.Math.atan2']","['java.lang.Math.toDegrees', 'java.awt.geom.AffineTransform.getRotateInstance', 'java.lang.Math.cos', 'java.awt.Graphics.drawPolygon', 'java.lang.Math.atan', 'java.lang.Math.toRadians', 'java.awt.Graphics.drawLine', 'java.lang.Math.sin', 'java.lang.Math.atan2', 'java.awt.Graphics2D.draw']",9,6
How to show different cards in a CardLayout,['java.awt.CardLayout.show'],"['java.awt.CardLayout.first', 'java.awt.CardLayout.next', 'java.awt.CardLayout.show', 'java.awt.Window.setLocationByPlatform', 'java.awt.Window.dispose', 'javax.swing.JComponent.paintComponent', 'javax.swing.JLabel.setIcon', 'null', 'null', 'null']",3,3
Stopping looping thread in Java,['java.lang.Thread.interrupt'],"['java.lang.Thread.stop', 'java.util.concurrent.ExecutorService.shutdownNow', 'java.lang.Thread.join', 'java.lang.Thread.interrupt', 'java.lang.Thread.isInterrupted', 'java.lang.Thread.suspend', 'java.lang.Thread.start', 'java.sql.Statement.cancel', 'java.lang.Thread.setDaemon', 'java.lang.Object.wait']",4,9
How do I Click a JButton without the user Clicking it,['javax.swing.AbstractButton.doClick'],"['java.awt.event.MouseEvent.getClickCount', 'javax.swing.JDialog.setDefaultCloseOperation', 'javax.swing.SwingUtilities.isRightMouseButton', 'javax.swing.SwingUtilities.invokeLater', 'java.util.Collections.shuffle', 'javax.swing.JOptionPane.showMessageDialog', 'java.util.EventObject.getSource', 'null', 'null', 'java.awt.Dialog.setVisible']",-1,-1
Convert a byte or int to bitset,['java.util.BitSet.valueOf'],"['java.lang.Integer.intValue', 'java.util.BitSet.valueOf', 'java.lang.Integer.toString', 'java.util.BitSet.length', 'java.io.FileOutputStream.write', 'java.nio.ByteBuffer.getInt', 'java.util.BitSet.toByteArray', 'java.lang.Integer.valueOf', 'java.nio.ByteBuffer.order', 'java.lang.String.valueOf']",2,7
NetBeans (Java Swing): Set window size,"['java.awt.Window.pack', 'java.awt.Component.setSize']","['java.lang.System.lineSeparator', 'javax.swing.DefaultListModel.addElement', 'javax.swing.SwingUtilities.invokeLater', 'javax.swing.JList.setPrototypeCellValue', 'java.util.Arrays.asList', 'null', 'java.lang.System.arraycopy', 'java.lang.Runtime.exec', 'java.lang.System.getProperty', 'java.lang.Runtime.getRuntime']",-1,-1
How to determine if a Java Class implements a particular Interface,['java.lang.Class.isAssignableFrom'],"['java.lang.Class.getSuperclass', 'java.lang.Class.getInterfaces', 'java.lang.Class.isInstance', 'java.lang.Class.asSubclass', 'javax.lang.model.element.Element.getModifiers', 'java.lang.reflect.Method.getParameterAnnotations', 'java.lang.Object.getClass', 'java.util.Collections.sort', 'java.lang.Class.getAnnotation', 'java.lang.Comparable.compareTo']",-1,-1
End Java threads after a while statement has been run,"['java.lang.Thread.interrupt', 'java.lang.Thread.isInterrupted', 'java.lang.Thread.stop']","['java.lang.Thread.start', 'java.util.concurrent.Future.cancel', 'java.lang.Thread.currentThread', 'java.lang.Thread.interrupted', 'java.lang.Thread.run', 'java.lang.Thread.join', 'java.util.concurrent.Executors.newSingleThreadExecutor', 'java.lang.Thread.isInterrupted', 'java.lang.Thread.stop', 'java.lang.Thread.interrupt']",8,6
Java: How to programmatically select and expand multiple nodes in a JTree,"['javax.swing.JTree.setExpandedState', 'javax.swing.tree.TreeSelectionModel.setSelectionPaths', 'javax.swing.JTree.setExpandsSelectedPaths']","['javax.swing.JTable.getSelectionModel', 'javax.swing.JList.setSelectionMode', 'javax.swing.JTree.setSelectionModel', 'javax.swing.tree.TreeModel.isLeaf', 'javax.swing.JComponent.setOpaque', 'javax.swing.ListSelectionModel.setSelectionMode', 'javax.swing.JList.setSelectedIndices', 'javax.swing.table.TableColumnModel.setColumnSelectionAllowed', 'javax.swing.JList.getSelectedValuesList', 'javax.swing.tree.TreeModel.getRoot']",-1,-1
comparing the two times is greater or lesser in java,"['java.util.Date.after', 'java.util.Date.compareTo', 'java.util.Date.before', 'java.util.Date.equals']","['java.util.Arrays.equals', 'java.util.Arrays.sort', 'java.time.LocalTime.equals', 'java.time.LocalTime.isBefore', 'java.util.Date.compareTo', 'java.lang.System.currentTimeMillis', 'java.time.LocalTime.isAfter', 'java.time.LocalDate.compareTo', 'java.util.Arrays.copyOf', 'java.lang.Object.equals']",5,7
Stable timer independent of system time,['java.lang.System.nanoTime'],"['java.lang.System.currentTimeMillis', 'java.lang.Thread.sleep', 'java.util.Timer.schedule', 'java.lang.System.0oTime', 'javax.swing.Timer.stop', 'java.util.TimerTask.scheduledExecutionTime', 'java.util.concurrent.locks.LockSupport.park0os', 'java.util.concurrent.Executors.newSingleThreadScheduledExecutor', 'java.util.Calendar.getInstance', 'javax.swing.Timer.start']",-1,-1
How do I make my Android app generate a random number,['java.util.Random.nextInt'],"['java.lang.Math.random', 'java.util.Collections.shuffle', 'java.util.Random.nextInt', 'java.util.Arrays.asList', 'java.lang.Character.toUpperCase', 'java.lang.Character.toLowerCase', 'java.util.Random.next', 'java.util.Random.nextLong', 'java.lang.System.currentTimeMillis', 'java.math.BigInteger.probablePrime']",3,2
Scan a file folder in android for file paths,['java.io.File.listFiles'],"['java.nio.file.Files.newDirectoryStream', 'java.io.File.listFiles', 'java.io.File.list', 'java.nio.file.Path.resolve', 'java.nio.file.Files.move', 'java.io.File.mkdir', 'java.util.jar.JarFile.entries', 'java.io.File.getParent', 'java.io.File.exists', 'java.io.File.mkdirs']",2,3
"Extract all occurrences of pattern K and check if string matches ""K*"" in 1 pass","['java.util.regex.Matcher.matches', 'java.util.regex.Matcher.find', 'java.lang.String.matches']","['java.lang.String.replace', 'java.lang.String.split', 'java.lang.String.indexOf', 'java.util.regex.Matcher.find', 'java.lang.String.matches', 'java.util.regex.Matcher.appendReplacement', 'java.lang.String.substring', 'java.lang.Integer.valueOf', 'java.lang.String.trim', 'java.lang.Integer.parseInt']",4,4
Is there a way to only have the OK button in a JOptionPane showInputDialog (and no CANCEL button),['javax.swing.JOptionPane.showOptionDialog'],"['javax.swing.JOptionPane.showConfirmDialog', 'javax.swing.JOptionPane.showOptionDialog', 'javax.swing.JOptionPane.showInputDialog', 'javax.swing.JOptionPane.showMessageDialog', 'javax.swing.JOptionPane.showInternalInputDialog', 'javax.swing.UIManager.getIcon', 'java.awt.Container.getFocusTraversalKeys', 'javax.swing.SwingUtilities.invokeLater', 'java.awt.Window.dispose', 'java.util.List.toArray']",2,2
Robust skipping of data in a java.io.InputStream and its subtypes,['java.io.FileInputStream.skip'],"['org.omg.CORBA.portable.InputStream.read', 'java.io.InputStream.read', 'java.io.DataInputStream.readFully', 'java.io.BufferedReader.skip', 'java.nio.file.Files.copy', 'java.lang.Class.getMethods', 'java.util.stream.LongStream.mapToObj', 'java.util.stream.LongStream.map', 'java.util.stream.Stream.map', 'java.io.File.createTempFile']",-1,-1
What is optimal way to get four unique random number from 0-9,['java.util.Collections.shuffle'],"['java.util.Random.nextInt', 'java.lang.Math.random', 'java.util.Collections.shuffle', 'java.lang.Math.pow', 'java.lang.Math.abs', 'java.util.Random.nextLong', 'java.util.UUID.randomUUID', 'java.lang.Math.min', 'java.util.Random.ints', 'java.lang.Math.max']",3,3
Converting a time String to ISO 8601 format,"['java.time.format.DateTimeFormatter.ISO', 'java.time.Instant.toString']","['java.lang.String.format', 'java.time.OffsetDateTime.parse', 'java.text.DateFormat.format', 'java.time.LocalDate.parse', 'java.time.ZoneId.systemDefault', 'java.time.Instant.parse', 'java.text.DateFormat.parse', 'java.time.OffsetDateTime.toString', 'java.util.Calendar.getTime', 'java.lang.String.valueOf']",-1,-1
Case Insensitive matching in Java,['java.lang.String.matches'],"['java.lang.String.replaceAll', 'java.util.regex.Pattern.quote', 'java.lang.String.toLowerCase', 'java.lang.String.replace', 'java.lang.String.matches', 'java.util.regex.Pattern.matches', 'java.lang.String.replaceFirst', 'java.lang.String.equalsIgnoreCase', 'java.lang.String.compareToIgnoreCase', 'java.nio.file.Path.toRealPath']",5,7
How to make ImageIO read from InputStream :Java,"['javax.imageio.ImageIO.read', 'java.lang.Class.getResourceAsStream']","['org.omg.CORBA.portable.InputStream.read', 'org.omg.CORBA.portable.OutputStream.write', 'java.io.DataInputStream.readFully', 'javax.imageio.ImageIO.read', 'java.io.FileOutputStream.write', 'java.io.FileInputStream.read', 'javax.sound.sampled.AudioSystem.getAudioInputStream', 'java.io.Reader.ready', 'java.io.PipedOutputStream.write', 'java.io.InputStream.read']",4,3
add custom attribute or metadata to file java,['java.nio.file.Files.setAttribute'],"['java.nio.file.Files.createDirectories', 'java.util.Properties.load', 'java.util.Properties.store', 'java.io.File.mkdir', 'java.lang.Class.getResourceAsStream', 'java.util.HashMap.put', 'javax.imageio.ImageIO.write', 'java.io.File.mkdirs', 'java.lang.Class.forName', 'java.io.File.createNewFile']",-1,-1
How do I compare two-dimensional (or nested) Java Arrays,['java.util.Arrays.deepEquals'],"['java.util.Arrays.equals', 'java.util.Arrays.deepToString', 'java.util.Arrays.deepEquals', 'java.util.Arrays.sort', 'java.util.Arrays.toString', 'java.lang.Object.equals', 'java.util.Arrays.fill', 'java.util.List.equals', 'java.security.MessageDigest.isEqual', 'java.util.Arrays.copyOf']",3,2
Add all files recursively from root with Java 8 Stream,"['java.nio.file.FileVisitOption.FOLLOW', 'java.nio.file.Files.walk']","['java.nio.file.Files.lines', 'java.nio.file.Files.walk', 'java.nio.file.Files.find', 'java.util.stream.IntStream.concat', 'java.util.stream.Stream.flatMap', 'java.util.stream.BaseStream.close', 'java.util.stream.Stream.concat', 'java.util.stream.Stream.of', 'java.nio.file.Files.write', 'java.util.Arrays.stream']",2,2
Set main frame not resizable,['java.awt.Frame.setResizable'],"['javax.swing.JFrame.setDefaultCloseOperation', 'java.awt.Component.setBounds', 'javax.swing.JComponent.getPreferredSize', 'java.awt.Graphics.drawImage', 'java.awt.EventQueue.invokeLater', 'java.awt.Graphics2D.scale', 'javax.swing.SwingUtilities.invokeLater', 'java.awt.Window.hide', 'javax.imageio.ImageIO.read', 'java.awt.Window.show']",-1,-1
Get the list of values using dom parser in android,['org.w3c.dom.Node.getChildNodes'],"['org.w3c.dom.Document.getElementsByTagName', 'org.xml.sax.ContentHandler.startElement', 'org.w3c.dom.Element.setAttribute', 'org.w3c.dom.Element.getAttribute', 'org.w3c.dom.Element.removeAttribute', 'org.w3c.dom.Node.getNodeValue', 'org.w3c.dom.Node.getAttributes', 'org.w3c.dom.Node.getTextContent', 'org.w3c.dom.NamedNodeMap.getNamedItem', 'org.w3c.dom.Node.getFirstChild']",-1,-1
Write to same location in a console window with java,['java.lang.System.console'],"['java.io.File.getCanonicalPath', 'java.nio.file.Files.copy', 'java.nio.file.Files.move', 'java.lang.Runtime.exec', 'java.nio.file.Files.newDirectoryStream', 'java.lang.ClassLoader.getResource', 'java.lang.System.getProperty', 'java.lang.System.getenv', 'java.io.FilterOutputStream.write', 'java.util.Properties.store']",-1,-1
How to initialize a TreeMap with pre-sorted data,['java.util.TreeMap.putAll'],"['java.util.Collections.sort', 'java.util.Arrays.sort', 'java.util.Map.entrySet', 'java.util.Collections.binarySearch', 'java.util.TreeMap.put', 'java.util.Collections.unmodifiableSet', 'java.util.Comparator.reverseOrder', 'java.util.Set.addAll', 'java.util.Collections.synchronizedMap', 'java.util.Collections.synchronizedList']",-1,-1
Loading XML File which is in classpath in Java,"['java.lang.ClassLoader.getResourceAsStream', 'java.lang.Class.getResourceAsStream']","['javax.xml.transform.TransformerFactory.newInstance', 'java.lang.Class.getResourceAsStream', 'javax.xml.bind.JAXBContext.newInstance', 'java.lang.ClassLoader.getResource', 'java.lang.System.load', 'java.lang.Class.forName', 'javax.xml.validation.SchemaFactory.newSchema', 'java.lang.Class.getResource', 'javax.xml.transform.TransformerFactory.getAssociatedStylesheet', 'javax.sound.sampled.AudioSystem.getAudioInputStream']",2,2
How to call Collections.Shuffle on only part of an array Java,['java.util.List.subList'],"['java.util.Collections.shuffle', 'java.util.Arrays.sort', 'java.util.List.subList', 'java.util.Collections.sort', 'java.util.Arrays.copyOfRange', 'java.lang.System.arraycopy', 'java.util.Arrays.toString', 'java.util.stream.Collectors.toList', 'java.util.Arrays.asList', 'java.util.ArrayList.subList']",3,3
How to force terminate all workers in ThreadPoolExecutor immediately,['java.util.concurrent.ThreadPoolExecutor.shutdownNow'],"['java.util.concurrent.ExecutorService.shutdownNow', 'java.util.concurrent.Future.cancel', 'java.util.concurrent.ExecutorService.invokeAll', 'java.util.concurrent.ScheduledThreadPoolExecutor.shutdownNow', 'java.util.concurrent.Executors.newFixedThreadPool', 'java.util.concurrent.ExecutorService.awaitTermination', 'java.util.concurrent.ExecutorService.shutdown', 'java.util.concurrent.Executors.newCachedThreadPool', 'java.util.concurrent.Executors.newSingleThreadExecutor', 'java.util.concurrent.ExecutorService.submit']",-1,-1
How do I check if a BigDecimal is in a Set or Map in a scale independent way,"['java.math.BigDecimal.stripTrailingZeros', 'java.math.BigDecimal.compareTo']","['java.math.BigDecimal.divide', 'java.math.BigDecimal.scale', 'java.math.BigDecimal.add', 'java.math.BigDecimal.multiply', 'java.lang.Math.abs', 'java.lang.Integer.valueOf', 'java.math.BigDecimal.compareTo', 'java.lang.Float.equals', 'java.lang.Double.parseDouble', 'java.math.BigDecimal.precision']",7,7
Java - Is it possible to add a JMenuBar to a JFrame's decoration window,['javax.swing.JFrame.setJMenuBar'],"['javax.swing.JFrame.setDefaultLookAndFeelDecorated', 'javax.swing.JFrame.setJMenuBar', 'javax.swing.JRootPane.setWindowDecorationStyle', 'java.awt.Frame.isUndecorated', 'java.awt.Frame.setUndecorated', 'javax.swing.LookAndFeel.getSupportsWindowDecorations', 'java.awt.Frame.setOpacity', 'javax.swing.UIManager.setLookAndFeel', 'javax.swing.JFrame.frameInit', 'java.awt.Window.pack']",2,2
TimeZone validation in Java,['java.util.TimeZone.getAvailableIDs'],"['java.util.TimeZone.setDefault', 'java.time.LocalDate.atStartOfDay', 'java.text.DateFormat.setTimeZone', 'java.util.TimeZone.getAvailableIDs', 'java.time.ZoneId.systemDefault', 'java.util.Calendar.setTimeZone', 'java.sql.PreparedStatement.setTimestamp', 'java.time.ZoneId.of', 'java.util.Calendar.get', 'java.util.Date.toString']",4,4
,,,,
,,,,
,,,,
,,,,
,,,,
Loading XML File which is in classpath in Java,"['java.lang.ClassLoader.getResourceAsStream', 'java.lang.Class.getResourceAsStream']",,,
