How to convert binary string value to decimal,java.lang.Integer.parseInt,,,,,
How can I use html styles in strings with format arguments,java.lang.String.format,,,,,
Converting a sentence string to a string array of words in Java,java.lang.String.split,,,,,
"How do I create a parent-last / child-first ClassLoader in Java, or How to override an old Xerces version that was already loaded in the parent CL",java.lang.Class.forName,,,,,
How to timeout a thread,java.util.concurrent.Future.get,java.lang.Thread.interrupted,,,,
How to modify a Collection while iterating using for-each loop without ConcurrentModificationException,java.util.Iterator.remove,,,,,
How to hide cursor in a Swing application,java.awt.Toolkit.createCustomCursor,java.awt.Cursor.getDefaultCursor,,,,
How to generate a random permutation in Java,java.util.Collections.shuffle,,,,,
Java generating Strings with placeholders,java.lang.String.format,,,,,
Collect Linux command output,java.lang.Process.getInputStream,,,,,
How to subtract X days from a date using Java calendar,java.util.Calendar.add,,,,,
How do I make my ArrayList Thread-Safe? Another approach to problem in Java,java.util.Collections.synchronizedList,,,,,
First char to upper case,java.lang.String.charAt,java.lang.Character.toUpperCase,,,,
Grouping elements of a list into sublists (maybe by using guava),java.util.stream.Collectors.groupingBy,,,,,
Escaping special characters in Java Regular Expressions,java.util.regex.Pattern.quote,,,,,
How do I get localized date pattern string,java.text.SimpleDateFormat.toLocalizedPattern,java.time.format.DateTimeFormatter.ofLocalizedDate,,,,
Setting the default Java character encoding,java.lang.String.getBytes,java.nio.charset.Charset.defaultCharset,,,,
Run batch file from Java code,java.lang.Runtime.exec,,,,,
Resolving ip-address of a hostname,java.net.InetAddress.getHostAddress,,,,,
How to test a Class.forName call in Java code,java.lang.Class.forName,,,,,
How to remove newlines from beginning and end of a string (Java),java.lang.String.trim,,,,,
How to reverse a list in Java,java.util.Collections.reverse,,,,,
Java Convert File to Byte Array and visa versa,java.nio.file.Files.readAllBytes,java.nio.file.Files.write,,,,
How can I get a Unicode character's code,java.lang.Character.codePointAt,,,,,
Java: How to test on array equality,java.util.Arrays.deepEquals,java.util.Arrays.equals,,,,
Convert between LocalDate and sql.Date,java.sql.Date.toLocalDate,java.sql.Date.valueOf,,,,
convert Object[] from a hashmap keyset to String[],java.util.Set.toArray,,,,,
Fastest way to create new array with length N and fill it by repeating a given array,java.lang.System.arraycopy,,,,,
How to measure time taken by Java code,java.lang.System.nanoTime,,,,,
Java string align to right,java.lang.String.format,,,,,
How to split a comma-separated string,java.lang.String.split,java.util.Arrays.asList,,,,
toString java of arrays,java.util.Arrays.toString,,,,,
How to find the exact word using a regex in Java,java.util.regex.Matcher.find,,,,,
Instantiating an inner class,java.lang.Class.newInstance,,,,,
Java reflection get all private fields,java.lang.reflect.Field.getType,,,,,
How to get the current date and time of your timezone in Java,java.util.TimeZone.getDefault,,,,,
How can I get screen resolution in java,java.awt.Toolkit.getScreenResolution,java.awt.Toolkit.getScreenSize,,,,
Java: join array of primitives with separator,java.lang.String.join,,,,,
How to instantiate inner class with reflection in Java,java.lang.Class.getDeclaredConstructor,,,,,
How to wrap text in a JTextArea,javax.swing.JTextArea.setLineWrap,,,,,
How to convert Integer to int,java.lang.Integer.intValue,,,,,
Grouping by List of Map in Java 8,java.util.stream.Collectors.groupingBy,,,,,
How to sort by two fields in Java,java.util.Collections.sort,java.lang.String.compareTo,,,,
Getting a list of accessible methods for a given class via reflection,java.lang.Class.getMethods,java.lang.Class.getDeclaredMethods,,,,
How do I format a long integer as a string without separator in Java,java.lang.Long.toString,,,,,
How to get system time in Java without creating a new Date,java.lang.System.currentTimeMillis,java.util.Date.setTime,,,,
How to loop over a Class attributes in Java,java.lang.Class.getDeclaredFields,,,,,
Calculate whether an IP address is in a specified range in Java,java.net.InetAddress.getByName,,,,,
Comparing strings with == which are declared final in Java,java.lang.String.intern,,,,,
Java8 java.util.Date conversion to java.time.ZonedDateTime,java.time.ZonedDateTime.ofInstant,java.util.Date.toInstant,,,,
How to see if an object is an array without using reflection,java.util.Arrays.toString,java.lang.Class.isArray,,,,
Elegant way to read file into byte[] array in Java,java.nio.file.Files.readAllBytes,,,,,
Java parse a number in exponential notation,java.lang.Double.valueOf,,,,,
Remove all non alphabetic characters from a String array in java,java.lang.String.replaceAll,,,,,
"How do you get the ""object reference"" of an object in java when toString() and hashCode() have been overridden",java.lang.Object.hashCode,java.lang.System.identityHashCode,,,,
How to count the number of 1's a number will have in binary,java.lang.Integer.bitCount,,,,,
How to get the current Time and TimeZone from Locale,java.util.TimeZone.getDefault,java.util.Locale.getDefault,,,,
How to use Scanner to accept only valid int as input,java.util.Scanner.hasNextInt,,,,,
16 bit hex string to signed int in Java,java.lang.Integer.parseInt,,,,,
How to print the address of an object if you have redefined toString method,java.lang.System.identityHashCode,java.lang.Object.toString,,,,
How to get all possible values of an enum in java? (not knowing the specific Enum),java.lang.Class.getEnumConstants,,,,,
Best way to exit a program when I want an exception to be thrown,java.lang.System.exit,,,,,
Double value to round up in Java,java.lang.Double.parseDouble,,,,,
Make a negative number positive,java.lang.Math.abs,,,,,
Get string character by index - Java,java.lang.Character.toString,java.lang.String.charAt,,,,
"How to use ""cd"" command using Java runtime",java.lang.ProcessBuilder.directory,java.lang.Runtime.exec,,,,
How to get the insert ID in JDBC,java.sql.Statement.getGeneratedKeys,java.sql.Statement.RETURN,,,,
How to scan a folder in Java,java.nio.file.Files.newDirectoryStream,java.io.File.listFiles,,,,
How do I copy a 2 Dimensional array in Java,java.lang.System.arraycopy,java.util.Arrays.copyOf,,,,
Checking for a null int value from a Java ResultSet,java.sql.ResultSet.getInt,,,,,
How to check if internet connection is present in java,java.net.InetAddress.isReachable,java.net.URL.openConnection,,,,
Replacing single '\' with '\\' in Java,java.lang.String.replace,java.lang.String.replaceAll,,,,
Add elements to a List while iterating over it. (Java),java.util.List.listIterator,,,,,
Calling System.gc( ) explicitly,java.lang.System.gc,,,,,
Compare two arrays of primitives in Java,java.util.Arrays.equals,,,,,
How can I get the current date and time in UTC or GMT in Java,java.util.Date.toString,,,,,
How to name a variable that is a copy of a parameter,java.util.Arrays.copyOf,,,,,
Garbage collector in Android,java.lang.System.gc,,,,,
Java 7 default locale,java.util.Locale.getDefault,,,,,
Equals operator for zeros (BigDecimal / Double) in Java,java.math.BigDecimal.equals,,,,,
java: How to fix the Unchecked cast warning,java.lang.Class.cast,,,,,
Removing range (tail) from a List,java.util.List.subList,,,,,
How to convert a Binary String to a base 10 integer in Java,java.lang.Integer.parseInt,,,,,
How to get string value from a Java field via reflection,java.lang.reflect.Field.get,,,,,
Concatenating null strings in Java,java.lang.String.valueOf,,,,,
Linking static library with JNI,java.lang.System.loadLibrary,,,,,
Round up BigDecimal to Integer value,java.math.BigDecimal.setScale,,,,,
How can I stop a Java while loop from eating >50% of my CPU,java.lang.Thread.sleep,java.lang.System.currentTimeMillis,,,,
Convert Set to List without creating new List,java.util.List.addAll,,,,,
How to rotate text with Graphics2D in Java,java.awt.Graphics2D.getTransform,java.awt.Graphics2D.rotate,,,,
Changing Java PriorityQueue to a Max PQ,java.util.Collections.reverseOrder,,,,,
How can I abort a running JDBC transaction,java.sql.Connection.rollback,java.sql.Statement.cancel,,,,
How Object objects return Strings? (Java),java.lang.Object.toString,,,,,
"How to wait for all threads to finish, using ExecutorService",java.util.concurrent.ExecutorService.awaitTermination,java.util.concurrent.ExecutorService.shutdown,,,,
Calculate the display width of a string in Java,java.awt.Graphics.getFontMetrics,java.awt.FontMetrics.stringWidth,,,,
Initializing a boolean array to false,java.util.Arrays.fill,,,,,
How to show full stack trace on eclipse,java.lang.Throwable.printStackTrace,,,,,
How to convert date format to milliseconds,java.util.Date.getTime,,,,,
How to find and stop all currently running threads,java.lang.Thread.interrupt,java.lang.Thread.stop,,,,
How to Convert a Java 8 Stream to an Array,java.util.stream.Stream.toArray,,,,,
How can I check if a single character appears in a string,java.lang.String.indexOf,,,,,
Java garbage collection,java.lang.System.gc,,,,,
Splitting a string in java on more than one symbol,java.lang.String.split,,,,,
Java ResultSet - get Column name based on Index,java.sql.ResultSet.getMetaData,,,,,
Is there a way to instantiate a class by name in Java,java.lang.Class.forName,,,,,
Test if a string contains any of the strings from an array,java.lang.String.matches,,,,,
How to get file size in Java,java.io.File.length,,,,,
java hashmap key iteration,java.util.Map.keySet,java.util.Map.entrySet,java.util.Map.values,,,
Java Fastest way to read through text file with 2 million lines,java.io.BufferedReader.readLine,,,,,
Merge 3 arraylist to one,java.util.Arrays.asList,java.util.stream.Stream.collect,java.util.ArrayList.addAll,,,
How can I create a stream from an array,java.util.Arrays.stream,java.util.stream.Stream.of,,,,
initializing a boolean array in java,java.util.Arrays.fill,java.lang.Boolean.FALSE,,,,
Get java.nio.file.Path object from java.io.File,java.io.File.toPath,,,,,
How to get concrete type of a generic interface,java.lang.reflect.ParameterizedType.getActualTypeArguments,java.lang.Class.getGenericInterfaces,,,,
Cast Object to Generic Type for returning,java.lang.Class.cast,,,,,
Combine stream of Collections into one Collection - Java 8,java.util.stream.Stream.flatMap,,,,,
Accessing non-visible classes with reflection,java.lang.Class.forName,,,,,
Precise time measurement in Java,java.lang.System.currentTimeMillis,java.lang.System.nanoTime,,,,
Comparing strings by their alphabetical order,java.lang.String.compareTo,,,,,
Java - How to format a number to a 2 char string,java.lang.String.format,,,,,
Convert from Radians to Degrees in Java,java.lang.Math.toDegrees,,,,,
Append relative URL to java.net.URL,java.net.URL.toURI,,,,,
Correct way to synchronize ArrayList in java,java.util.Collections.synchronizedList,,,,,
How to find out which object currently has focus,java.awt.Window.getFocusOwner,,,,,
How to convert BigDecimal to Double in Java,java.math.BigDecimal.doubleValue,,,,,
Java: splitting the filename into a base and extension,java.lang.String.split,,,,,
How to add new System Properties in java,java.lang.System.setProperty,,,,,
LocalDate to java.util.Date and vice versa simplest conversion,java.sql.Date.toLocalDate,java.sql.Date.valueOf,,,,
Java: function for arrays like PHP's join(),java.lang.String.join,,,,,
How can I find whitespace space in a String,java.lang.String.matches,,,,,
How can I measure the speed of code written in Java? (AI algorithms),java.lang.System.currentTimeMillis,,,,,
Set specific precision of a BigDecimal,java.math.BigDecimal.setScale,,,,,
how to check if string contains '+' character,java.lang.String.contains,,,,,
best way to reverse bytes in an int in java,java.lang.Integer.reverse,java.lang.Double.doubleToLongBits,java.lang.Float.floatToIntBits,java.lang.Integer.reverseBytes,,
Programmatically determine which Java thread holds a lock,java.lang.Thread.holdsLock,,,,,
Defensive copy of Calendar,java.util.Calendar.getInstance,,,,,
Get MAC address on local machine with Java,java.net.NetworkInterface.getHardwareAddress,java.net.NetworkInterface.getNetworkInterfaces,,,,
java escape parenthesis,java.util.regex.Pattern.quote,,,,,
Sorting int array in descending order,java.util.Collections.reverseOrder,,,,,
How to get the name of a class without the package,java.lang.Class.getSimpleName,,,,,
How to initialize all the elements of an array to any specific value in java,java.util.Arrays.fill,,,,,
Create intermediate folders if one doesn't exist,java.io.File.mkdir,java.io.File.mkdirs,,,,
Take a char input from the Scanner,java.util.Scanner.next,,,,,
how to find before and after sub-string in a string,java.lang.String.split,,,,,
Check if class exists in Java classpath without running its static initializer,java.lang.Class.forName,,,,,
Java Round up Any Number,java.lang.Math.ceil,,,,,
How do you kill a thread in Java,java.lang.Thread.interrupt,java.lang.Thread.stop,,,,
How to split a string in Java,java.lang.String.split,,,,,
How to clean up threadlocals,java.lang.ThreadLocal.remove,,,,,
Creating a draw rectangle (filled with black color) function in Java for a grid,java.awt.Graphics.fillRect,,,,,
Java - Splitting String based on multiple delimiters,java.lang.String.split,,,,,
Ways to iterate over a List in java,java.util.List.iterator,java.util.List.listIterator,,,,
"How can one Java thread check the state of another one, e.g. whether the other one is blocked",java.lang.Thread.getState,,,,,
Alternative to successive String.replace,java.lang.StringBuilder.replace,java.lang.String.replace,java.lang.String.regionMatches,,,
Handling passwords used for auth in source code,javax.swing.JPasswordField.getPassword,javax.swing.JPasswordField.getText,,,,
How to capture System.exit event,java.lang.Runtime.addShutdownHook,,,,,
How do I know if I'm on the event dispatch thread,java.lang.Runnable.run,javax.swing.SwingWorker.doInBackground,javax.swing.SwingUtilities.invokeLater,,,
Splitting a string using Regex in Java,java.lang.String.split,,,,,
Quickly square a double,java.lang.Math.pow,,,,,
Java: How can I access a class's field by a name stored in a variable,java.lang.reflect.AccessibleObject.setAccessible,java.lang.Class.getField,java.lang.Class.getDeclaredField,java.lang.reflect.Field.set,,
How to find time taken to run java program,java.lang.System.nanoTime,,,,,
Close one JFrame without closing another,javax.swing.JFrame.setDefaultCloseOperation,,,,,
How to add elements of a Java8 stream into an existing List,java.util.List.addAll,java.util.stream.Collectors.toCollection,java.util.ArrayList.addAll,java.util.stream.Collector.supplier,,
Java how to instantiate a class from string,java.lang.reflect.Constructor.newInstance,java.lang.Class.forName,,,,
"Java, how to change current database to another",java.sql.Connection.setCatalog,,,,,
How to Execute Windows Commands Using Java - Change Network Settings,java.lang.Runtime.exec,,,,,
How do you crash a JVM,java.lang.System.exit,,,,,
Getting A File's Mime Type In Java,java.nio.file.Files.probeContentType,,,,,
Combine collect of list with single value using streams,java.util.stream.Stream.of,java.util.stream.Stream.concat,,,,
"How to use comparison operators like >, =, < on BigDecimal",java.math.BigDecimal.compareTo,,,,,
Find the Biggest number in HashSet/HashMap java,java.util.HashMap.values,java.util.HashMap.keySet,java.util.Collections.max,,,
Sort ArrayList of custom Objects by property,java.util.Comparator.comparing,java.util.List.sort,,,,
Efficiently finding the intersection of a variable number of sets of strings,java.util.Set.retainAll,,,,,
How to stop a thread created by implementing runnable interface,java.lang.Thread.sleep,java.lang.Thread.interrupted,,,,
Making Thread sleep for random amount of MS,java.lang.Thread.sleep,,,,,
instantiate class from class object,java.lang.Class.getConstructors,java.lang.Class.getConstructor,java.lang.Class.newInstance,,,
iterator for replacing list members in Java,java.util.List.listIterator,java.util.ListIterator.set,,,,
Java reflection: get class of field,java.lang.reflect.Field.getType,,,,,
How do I measure time elapsed in Java,java.lang.System.currentTimeMillis,java.lang.System.nanoTime,,,,
Loading files with ClassLoader,java.lang.Class.getResource,java.lang.ClassLoader.getResource,java.lang.ClassLoader.getSystemClassLoader,,,
How to generate random array of ints using Stream API Java 8,java.util.Random.ints,,,,,
How to reuse application of filter & map on a Stream,java.util.stream.Stream.flatMap,,,,,
How to check if element exists using a lambda expression,java.util.stream.Stream.anyMatch,,,,,
Stream from two dimensional array in java,java.util.Arrays.stream,java.util.stream.Stream.flatMapToInt,,,,
How to make a separated copy of an ArrayList,java.util.ArrayList.clone,,,,,
How to subtract X day from a Date object  in Java,java.util.Calendar.add,,,,,
Instantiate a class object with constructor that accepts a string parameter,java.lang.Class.newInstance,,,,,
How to make a symlink in Java when running in Linux,java.nio.file.Files.createSymbolicLink,java.lang.Runtime.exec,,,,
How to round the double value to 2 decimal points,java.lang.Math.round,,,,,
Enums shared static look-up method,java.lang.Class.getEnumConstants,,,,,
JOptionPane to get password,javax.swing.JOptionPane.showOptionDialog,,,,,
How to run linux commands in java code,java.lang.Runtime.exec,,,,,
Compare two objects with a check for null,java.util.Objects.equals,,,,,
How to create a multipart zip file and read it back,java.util.zip.ZipInputStream.getNextEntry,,,,,
print array in the log cat android,java.util.Arrays.deepToString,java.util.Arrays.toString,,,,
Implement binary search in objects,java.util.Collections.binarySearch,,,,,
Getting unix timestamp from Date(),java.util.Date.getTime,,,,,
Java ArrayList - Check if list is empty,java.util.List.isEmpty,,,,,
How do I convert from int to String,java.lang.Integer.toString,,,,,
Sleep function in android program,java.lang.Thread.sleep,,,,,
How to check that a string is parseable to a double,java.lang.Double.valueOf,,,,,
How can I pad a String in Java,java.lang.String.format,,,,,
How to round a number to n decimal places in Java,java.text.DecimalFormat.setRoundingMode,java.math.BigDecimal.setScale,java.lang.Math.round,,,
Tokenizing a String but ignoring delimiters within quotes,java.lang.String.split,,,,,
how do I set the default locale for my JVM,java.util.Locale.setDefault,java.util.Locale.getDefault,,,,
Check if a class is subclass of another class in Java,java.lang.Class.isAssignableFrom,,,,,
"Given a string in Java, just take the first X letters",java.lang.String.substring,,,,,
How to split a String into a Stream of Strings,java.lang.String.split,java.util.Arrays.stream,java.util.stream.Stream.of,,,
Preferred Java way to ping an HTTP URL for availability,java.net.InetAddress.isReachable,java.net.HttpURLConnection.setRequestMethod,,,,
JFileChooser change default directory in Windows,javax.swing.JFileChooser.setCurrentDirectory,,,,,
How can I remove a substring from a given String,java.lang.String.replace,,,,,
How can I check if an InputStream is empty without reading from it,java.io.InputStream.available,,,,,
In java how to get substring from a string till a character c,java.lang.String.indexOf,java.lang.String.substring,,,,
Replace part of a string between indexes in Java,java.lang.String.substring,,,,,
Java negative indexOf (counting from the end [length()] ),java.lang.String.indexOf,java.lang.String.lastIndexOf,,,,
Set System Property for JUnit Runner (Eclipse) to test a Spring Web App,java.lang.System.setProperty,,,,,
Waiting on a condition in a reentrant lock,java.util.concurrent.locks.Condition.await,,,,,
How can I check if multiplying two numbers in Java will cause an overflow,java.lang.Math.multiplyExact,,,,,
How do I properly load a BufferedImage in java,javax.imageio.ImageIO.read,,,,,
How can I iterate over the elements in Hashmap,java.util.HashMap.values,java.util.HashMap.keySet,,,,
How to ensure order of processing in java8 streams,java.util.stream.Stream.forEachOrdered,java.util.stream.Stream.iterate,java.util.stream.BaseStream.unordered,java.util.stream.Stream.forEach,java.util.stream.Stream.generate,java.util.stream.package-summary.Ordering
How do I get a UTC Timestamp from Calendar,java.util.Calendar.getTime,,,,,
"How can I get the size of an array, a Collection, or a String in Java",java.util.Collection.size,java.lang.String.length,java.util.Map.size,,,
Raising a number to a power in Java,java.lang.Math.pow,,,,,
How to Find the Default Charset/Encoding in Java,java.nio.charset.Charset.defaultCharset,,,,,
Escaping Shell Commands In java,java.lang.Runtime.exec,,,,,
adding comment in .properties files,java.util.Properties.store,,,,,
How to obtain the start time and end time of a day,java.time.LocalDate.atStartOfDay,,,,,
Checking if a number is an Integer in Java,java.lang.Integer.parseInt,,,,,
Reading a plain text file in Java,java.nio.file.Files.readAllBytes,java.nio.file.Files.readAllLines,java.io.BufferedReader.readLine,java.nio.file.Files.lines,,
How to insert NULL in mysql especially INT dataType,java.sql.PreparedStatement.setNull,,,,,
How do I schedule a task to run once,java.util.concurrent.ScheduledExecutorService.schedule,java.util.concurrent.Future.cancel,,,,
How to change JFrame icon,java.awt.Window.setIconImages,javax.swing.JFrame.setIconImage,,,,
How do I print a double value without scientific notation using Java,java.util.Formatter.syntax,java.lang.Double.toString,,,,
Java Wait for thread to finish,java.lang.Thread.join,,,,,
Calendar date to yyyy-MM-dd format in java,java.util.Date.toString,,,,,
Checking if a class is java.lang.Enum,java.lang.Class.isEnum,,,,,
How can I read input from the console using the Scanner class in Java,java.util.Scanner.next,java.util.Scanner.nextLine,,,,
How can I shuffle a specific range of an ArrayList,java.util.List.subList,java.util.Collections.shuffle,,,,
"BigDecimal, precision and scale",java.math.BigDecimal.scale,java.math.BigDecimal.precision,,,,
How to compare two object arrays in Java,java.util.Arrays.deepEquals,java.util.Arrays.equals,,,,
how to detect operating system language (locale) from java code,java.util.Locale.getDefault,,,,,
How to cast an Object to an int in java,java.lang.Integer.valueOf,,,,,
How to dynamically monitor Java heap size,java.lang.Runtime.maxMemory,java.lang.Runtime.totalMemory,,,,
Create new object using reflection,java.lang.Class.newInstance,,,,,
Sorting a LinkedHashSet,java.util.Collections.sort,,,,,
How to create a generic array,java.lang.reflect.Array.newInstance,,,,,
Deep copy of an object array,java.lang.Object.clone,,,,,
How can I divide properly using BigDecimal,java.math.BigDecimal.divide,,,,,
Android - Check whether a value exist in an Array,java.util.List.contains,java.util.Arrays.asList,,,,
How do you escape colon (:) in Properties file,java.util.Properties.store,,,,,
Always Round UP a Double,java.lang.Math.ceil,,,,,
Java 8 streams: process every possible pair of elements from list,java.util.stream.Stream.flatMap,,,,,
Getting the IP address of the current machine using Java,java.net.NetworkInterface.getNetworkInterfaces,java.net.InetAddress.getLocalHost,java.net.InetAddress.getByName,,,
how to compare the Java Byte[] array,java.util.Arrays.deepEquals,java.util.Arrays.equals,,,,
Best approach to converting Boolean object to string in java,java.lang.String.valueOf,,,,,
java - Safe way to create a Temp file,java.io.File.createTempFile,,,,,
Access static final variable using reflection,java.lang.reflect.Field.get,,,,,
How to iterate through ArrayList of objects,java.util.ArrayList.get,,,,,
#Call return statement or System.exit on try or catch block,java.lang.System.exit,,,,,
How to replace all characters in a user input string except one,java.lang.String.replaceAll,,,,,
How can I run my haskell functions through Java,java.lang.Runtime.exec,,,,,
How can I exchange the first and last characters of a string in Java,java.lang.String.replace,java.lang.String.substring,,,,
Getting User input with Scanner,java.lang.Integer.parseInt,java.util.Scanner.nextInt,java.util.Scanner.next,,,
How to get generic type information from getAnnotatedParameterTypes() in Java 8,java.lang.reflect.Executable.getAnnotatedParameterTypes,java.lang.reflect.Method.getGenericParameterTypes,,,,
getting file creator/owner attributes in Java,java.nio.file.Files.getOwner,,,,,
Is there any way to find os name using java,java.lang.System.getProperties,java.lang.System.getProperty,,,,
Interrupt java thread running nashorn script,java.lang.Thread.interrupted,java.lang.Thread.stop,,,,
Java - parse binary to long,java.lang.Long.parseLong,,,,,
How cancel the execution of a SwingWorker,javax.swing.SwingWorker.cancel,,,,,
What is the fastest way to copy a double[] in Java,java.lang.System.arraycopy,,,,,
java explode a line/string like php explode,java.lang.String.split,,,,,
how to create a file in Java only if one doesn't already exist,java.io.File.createNewFile,,,,,
Creating new object in abstract class in Java,java.lang.Class.getConstructor,java.lang.reflect.Constructor.newInstance,java.lang.Class.newInstance,,,
Load Java Image inside package from a class in a different package,java.lang.Class.getResource,java.lang.ClassLoader.getResource,,,,
How to collect DoubleStream to List,java.util.stream.DoubleStream.boxed,java.lang.Double.parseDouble,java.lang.Double.valueOf,java.util.stream.Stream.mapToDouble,,
Java Streams: find if stream contains null,java.util.stream.Stream.findAny,,,,,
JDesktopPane - how to get active frame,javax.swing.JDesktopPane.getAllFrames,,,,,
JAVA: Concurrency control for access to list in java,java.util.Collections.synchronizedList,,,,,
How do I use swing in a shutdown hook,java.lang.Runtime.addShutdownHook,java.lang.System.exit,,,,
How to ensure a piece of code is run before exiting a java application,java.lang.Runtime.addShutdownHook,java.lang.System.exit,,,,
Java concatenate to build string or format,java.lang.String.format,,,,,
Listing only files in directory,java.io.File.isFile,,,,,
How to blur a portion of an image with JAVA,java.awt.image.BufferedImage.getSubimage,,,,,
Is there any way we can execute some java code when a jvm process is killed,java.lang.Runtime.addShutdownHook,,,,,
Java Stream API - count items of a nested list,java.util.stream.Stream.mapToInt,java.util.stream.IntStream.sum,,,,
Show an animated BG in Swing,java.awt.Graphics.drawImage,java.awt.Component.imageUpdate,,,,
How to append text to file in Java 8 using specified Charset,java.nio.file.Files.write,,,,,
How to sort file names in ascending order,java.util.Collections.sort,java.util.Arrays.sort,,,,
Setting log level for inner class (in Glassfish),java.util.logging.Logger.getLogger,,,,,
Java enums in generic type,java.lang.Enum.valueOf,,,,,
How to call c++ functionality from java,java.lang.Runtime.exec,,,,,
Get words around a position in a string,java.lang.String.split,,,,,
Align Strings in columns in JTextArea,java.util.Formatter.syntax,java.lang.String.format,,,,
Measuring Download Speed Java,java.lang.System.nanoTime,,,,,
Properly closing SSLSocket,java.net.Socket.close,,,,,
How can I write to a specific line number in a txt file in Java,java.nio.file.Files.write,java.nio.file.Files.readAllLines,,,,
Java starting another Java Application,java.lang.Runtime.exec,,,,,
Program to get all files within a directory in Java,java.io.File.list,,,,,
How to explicitly perform garbage collection,java.lang.System.gc,,,,,
Setting the default application icon image in Java swing on OS X,javax.swing.JFrame.setIconImage,,,,,
Remove end of line characters from end of Java String,java.lang.String.trim,,,,,
How to determine last element when using an iterator,java.util.Iterator.hasNext,,,,,
How should I call a Perl Script in Java,java.lang.Process.getInputStream,java.lang.Runtime.getRuntime,java.lang.Runtime.exec,java.lang.Process.exitValue,,
Replace first occurrence of character in Android/Java,java.lang.String.replaceFirst,,,,,
how to kill a thread which is waiting for blocking function call in Java,java.lang.Thread.interrupt,java.lang.Thread.destroy,java.lang.Thread.stop,,,
Fastest way to sort an array of objects in java,java.util.Arrays.sort,,,,,
What is the sorting algorithm for Java,java.util.Collections.sort,java.util.Arrays.sort,,,,
passing parameters to a JDBC PreparedStatement,java.sql.PreparedStatement.setString,,,,,
Check if class exists without running into ClassNotFoundException,java.lang.Class.forName,,,,,
Determine which thread owns a monitor,java.lang.Thread.holdsLock,java.lang.management.ThreadMXBean.isObjectMonitorUsageSupported,,,,
How can a Swing WindowListener veto JFrame closing,javax.swing.JFrame.setDefaultCloseOperation,,,,,
Finding Mouse Position relative to a panel,java.awt.event.MouseEvent.getPoint,,,,,
How to format a 3-digit integer to a 4-digit string,java.lang.String.format,,,,,
"In java, how do I process CompletableFutures and get the first desireable result that completes",java.util.concurrent.CompletableFuture.allOf,,,,,
How to iterate from last to first an ArrayList,java.util.List.listIterator,,,,,
How to convert util.Date to time.LocalDate correctly for dates before 1893,java.time.LocalDate.parse,,,,,
How do I create a log4j Logger using Spring XML configuration,java.util.logging.Logger.getLogger,,,,,
Java scroll JScrollPane with JPanel within to bottom,javax.swing.JComponent.scrollRectToVisible,javax.swing.JScrollPane.getVerticalScrollBar,,,,
how to make multiple line string to single line string,java.lang.String.replaceAll,,,,,
Using the equals() method with String and Object in Java,java.lang.Object.hashCode,java.lang.String.equals,java.lang.Object.equals,,,
How do I iterate over an Array field reflectively,java.lang.reflect.Field.get,,,,,
Sorting an ArrayList of Person with java collections,java.util.Collections.sort,,,,,
"Inserting values in Map< K, V >",java.util.Map.put,,,,,
Select a particular type of file in java,java.io.File.listFiles,,,,,
How to sort an attribute of an object using Collections,java.util.Collections.sort,,,,,
How to get key position from a HashMap in Java,java.util.Map.keySet,,,,,
Avoiding PermGen out of memory and GC overhead limit exceeded,java.lang.System.gc,,,,,
Determine if a Java `Lock` is held by the current thread,java.util.concurrent.locks.ReentrantLock.isHeldByCurrentThread,,,,,
How to create a Class of primitive array,java.lang.Class.getName,,,,,
How to convert a negative integer into two's complement binary form? (Java),java.lang.Integer.toBinaryString,,,,,
"How to replace "" \ "" with "" \\ "" in java",java.lang.String.replaceAll,,,,,
Converting result of Math.sin(x) into a result for degrees in java,java.lang.Math.toDegrees,java.lang.Math.toRadians,,,,
Does anyone know a library containing all localized country names in java,java.util.Locale.getISOCountries,,,,,
String pool creating two string objects for same String in Java,java.lang.String.intern,,,,,
Hash a double in Java,java.lang.Double.hashCode,java.lang.Double.doubleToLongBits,,,,
Varargs method modifies caller's array instead of its own copy,java.lang.System.arraycopy,java.util.Arrays.copyOf,,,,
How to retrieve milliseconds from java.sql.Timestamp,java.sql.Timestamp.getTime,,,,,
Read/write blob data in chunks with Hibernate,java.sql.Blob.getBinaryStream,,,,,
Help typecasting a String Array of bytes to actual bytes,java.lang.Byte.parseByte,java.lang.Integer.parseInt,,,,
Best approach for dealing with time measures,java.lang.Long.toUnsignedString,java.lang.Long.compareUnsigned,java.time.Duration.ofNanos,java.lang.System.nanoTime,java.lang.System.currentTimeMillis,
Java replacing special characters,java.lang.String.replace,java.util.regex.Pattern.quote,,,,
Efficient way to convert io.netty.buffer.ByteBuf to java.nio.ByteBuffer,java.nio.ByteBuffer.wrap,,,,,
collecting from parallel stream in java 8,java.util.stream.Stream.collect,,,,,
Java - Draw a ruler (line with tick marks at 90 degree angle),java.awt.Graphics.create,java.lang.Math.atan2,,,,
How to Instruct JVM to keep memory footprint as low as possible,java.lang.System.gc,,,,,
How to show different cards in a CardLayout,java.awt.CardLayout.show,,,,,
How to Sort Date in descending order From Arraylist Date in android,java.util.Collections.sort,java.util.Collections.reverseOrder,,,,
String Concatenation and Autoboxing in Java,java.lang.StringBuilder.append,java.lang.String.valueOf,,,,
Stopping looping thread in Java,java.lang.Thread.interrupt,,,,,
How do I Click a JButton without the user Clicking it,javax.swing.AbstractButton.doClick,,,,,
Convert a byte or int to bitset,java.util.BitSet.valueOf,,,,,
Java Array Comparison,java.util.Arrays.equals,,,,,
How to create a type safe generic array in java,java.lang.reflect.Array.newInstance,,,,,
"Comparing two objects, either of which could be null",java.util.Objects.equals,,,,,
Java rounding to nearest 0.05,java.lang.Math.round,,,,,
NetBeans (Java Swing): Set window size,java.awt.Window.pack,java.awt.Component.setSize,,,,
Intercepting java machine shutdown call,java.lang.Runtime.addShutdownHook,,,,,
How to determine if a Java Class implements a particular Interface,java.lang.Class.isAssignableFrom,,,,,
End Java threads after a while statement has been run,java.lang.Thread.interrupt,java.lang.Thread.isInterrupted,java.lang.Thread.stop,,,
Hide a column in JTable,javax.swing.JTable.removeColumn,,,,,
Java: How to programmatically select and expand multiple nodes in a JTree,javax.swing.JTree.setExpandedState,javax.swing.tree.TreeSelectionModel.setSelectionPaths,javax.swing.JTree.setExpandsSelectedPaths,,,
How to turn uppercase to lowercase using the charAt method,java.lang.String.toLowerCase,java.lang.Character.toLowerCase,,,,
Gracefully ending a thread that's waiting on a blocking queue,java.lang.Thread.interrupt,java.lang.Thread.stop,,,,
How to check whether a class exists,java.lang.Class.forName,,,,,
comparing the two times is greater or lesser in java,java.util.Date.after,java.util.Date.compareTo,java.util.Date.before,java.util.Date.equals,,
Remove trailing zeros from double,java.math.BigDecimal.stripTrailingZeros,,,,,
Remove all characters from string which are not on whitelist,java.lang.String.replaceAll,,,,,
Execute shell command in Tomcat,java.lang.Runtime.exec,,,,,
Stable timer independent of system time,java.lang.System.nanoTime,,,,,
"Shuffling a Deck of Cards , Redundancy after swapping two values",java.util.Collections.shuffle,,,,,
How do I make my Android app generate a random number,java.util.Random.nextInt,,,,,
String.join() vs other string concatenation operations,java.lang.String.split,java.lang.String.join,java.lang.String.concat,,,
Scan a file folder in android for file paths,java.io.File.listFiles,,,,,
Only let users input positive integers (no decimals or strings),java.lang.Integer.parseInt,,,,,
How to make a list thread-safe for serialization,java.util.Collections.synchronizedList,,,,,
Cube root of a negative number,java.lang.Math.cbrt,,,,,
How to make an 2D ArrayList immutable,java.util.Collections.unmodifiableList,,,,,
"Extract all occurrences of pattern K and check if string matches ""K*"" in 1 pass",java.util.regex.Matcher.matches,java.util.regex.Matcher.find,java.lang.String.matches,,,
Java 8 grouping using custom collector,java.util.stream.Collectors.mapping,java.util.stream.Collectors.groupingBy,,,,
How to detect overflow when convert string to integer in java,java.math.BigInteger.BigInteger,java.lang.Integer.parseInt,,,,
Is there a way to only have the OK button in a JOptionPane showInputDialog (and no CANCEL button),javax.swing.JOptionPane.showOptionDialog,,,,,
Robust skipping of data in a java.io.InputStream and its subtypes,java.io.FileInputStream.skip,,,,,
Can we call the Garbage Collector explicitly,java.lang.System.gc,,,,,
What is optimal way to get four unique random number from 0-9,java.util.Collections.shuffle,,,,,
Sorting a List alphabetically using compareTo() method,java.lang.Comparable.compareTo,java.lang.String.compareToIgnoreCase,java.util.Collections.sort,,,
Java Sort List of Lists,java.util.Collections.sort,,,,,
Converting a time String to ISO 8601 format,java.time.format.DateTimeFormatter.ISO,java.time.Instant.toString,,,,
Finding substring in a string in Java,java.lang.String.indexOf,java.lang.String.contains,,,,
Java - Wait for third party threads to finish,java.lang.Thread.join,,,,,
Stop a Runnable submitted to ExecutorService,java.util.concurrent.ExecutorService.submit,java.util.concurrent.Future.cancel,,,,
String object to Boolean,java.lang.Boolean.parseBoolean,java.lang.Boolean.valueOf,,,,
killing a running thread in java,java.lang.Thread.interrupt,,,,,
Case Insensitive matching in Java,java.lang.String.matches,,,,,
Pick a number randomly from two numbers,java.util.Random.nextInt,java.util.Collections.shuffle,,,,
How to make ImageIO read from InputStream :Java,javax.imageio.ImageIO.read,java.lang.Class.getResourceAsStream,,,,
add custom attribute or metadata to file java,java.nio.file.Files.setAttribute,,,,,
Find the index in an ArrayList that contains a string,java.lang.String.indexOf,java.util.List.indexOf,,,,
How to check if part of a string equals another string in android,java.lang.String.contains,,,,,
How do I compare two-dimensional (or nested) Java Arrays,java.util.Arrays.deepEquals,,,,,
Add all files recursively from root with Java 8 Stream,java.nio.file.FileVisitOption.FOLLOW,java.nio.file.Files.walk,,,,
Set main frame not resizable,java.awt.Frame.setResizable,,,,,
Get the list of values using dom parser in android,org.w3c.dom.Node.getChildNodes,,,,,
How to enumerate all environment variable in Java,java.lang.System.getenv,,,,,
Write to same location in a console window with java,java.lang.System.console,,,,,
How to initialize a TreeMap with pre-sorted data,java.util.TreeMap.putAll,,,,,
Loading XML File which is in classpath in Java,java.lang.ClassLoader.getResourceAsStream,java.lang.Class.getResourceAsStream,,,,
How to call Collections.Shuffle on only part of an array Java,java.util.List.subList,,,,,
Reopen database connection in Java,java.sql.DriverManager.getConnection,,,,,
How to force terminate all workers in ThreadPoolExecutor immediately,java.util.concurrent.ThreadPoolExecutor.shutdownNow,,,,,
How do I check if a BigDecimal is in a Set or Map in a scale independent way,java.math.BigDecimal.stripTrailingZeros,java.math.BigDecimal.compareTo,,,,
Java - Is it possible to add a JMenuBar to a JFrame's decoration window,javax.swing.JFrame.setJMenuBar,,,,,
TimeZone validation in Java,java.util.TimeZone.getAvailableIDs,,,,,
