Create an Array from existing array with additional element added,Collection,ArrayList,,,,,,
How can i read the same file two times in Java?,Reader,,,,,,,
How to listen to keypress events in a jdialog container?,JRootPane,,,,,,,
troubles with displaying image in window,JPanel,JComponent,,,,,,
How can I add a mouselistener to my rectangle(custom button) to re-execute paintcomponent in java?,Component,,,,,,,
Not able to add JTextField to JFrame,BorderLayout,Container,,,,,,
Java DateTimeFormatter parse YearMonth with offset,DateTimeFormatter,DateTimeFormatterBuilder,,,,,,
java application cannot insert null value into mysql database,PreparedStatement,,,,,,,
Multiply two numbers precisely in Java,BigDecimal,,,,,,,
Java: danger in setting private member field as accessible?,AccessibleObject,,,,,,,
how to call constructor from main method,SwingUtilities,,,,,,,
"HashMap get value of object that is ""equal"" but different hash?",Object,,,,,,,
How to map single tag to multiple fields in JAXB,Unmarshaller.Listener,Unmarshaller,,,,,,
Creating a new Date from a difference / subtract two periods (having negative time),Date,,,,,,,
"JAVA reading XML, direct from element",Element,,,,,,,
JAXB mapping Map with complex object to JSON,StreamSource,,,,,,,
java drawstring directly image,BufferedImage,,,,,,,
Java String to byteArray conversion issue,String,CharsetDecoder,,,,,,
How to set first day of week in a Java application calendar,Calendar,,,,,,,
How to set the text of an instantiated label?,Node,,,,,,,
Java returns wrong Time object when comparing two Times,package-summary,LocalTime,Time,Duration,,,,
Shifting ArrayList elements to the right,List,,,,,,,
Deleting objects from arrays while iterating Java,Stream,,,,,,,
How to access the keys of a Hashmap and compare them with a predetermined value?,HashMap,,,,,,,
Compare two primitive long variables in java,Long,,,,,,,
JAVA - Get generic implementation of a class,Class,,,,,,,
Java Reflection getDeclaredMethod(...) Returning Null,Class,,,,,,,
Remove Leading zeroes from an ArrayList of integers,ListIterator,List,,,,,,
How this Reflection Java Code catch the String in the System.out.println?,Field,Class,AccessibleObject,,,,,
BufferedImage colour change,BufferedImage,LookupOp,,,,,,
Cant insert an empty date value into mysql,SimpleDateFormat,PreparedStatement,,,,,,
Filtering a JList from text field input,DefaultListModel,,,,,,,
"Java - Reentrant Lock, can't access newly created Condition",Condition,Semaphore,,,,,,
"Iterating over a list, modifying each element: is there a faster method?",RandomAccess,ArrayList,,,,,,
"Java Properties, getting file path",Properties,,,,,,,
Which JRadioButton selected,EventObject,,,,,,,
Replacement of English numbers of a string with Arabic numbers,StringBuffer,Matcher,,,,,,
JOptionpane + JDialog (non-modal) get the return value,JOptionPane,,,,,,,
Putting objects into java.util.Properties,Properties,Hashtable,,,,,,
How can I get the Object from a Field/Class using reflection?,Class,,,,,,,
Java: Read up to x chars from a file into array,Reader,,,,,,,
data size difference when copying with bufferedstream in java,Files,,,,,,,
how to convert php unpack() in a similar method in Java,ByteBuffer,DataInputStream,ByteArrayInputStream,,,,,
"Enums, Classes, Reflection, and Generic Casting",Class,,,,,,,
multi threaded task scheduler in java,ScheduledExecutorService,,,,,,,
Using Java with Matlab: passing Class type as a method argument,Object,Class,,,,,,
issue to parse month in simple date format,Calendar,,,,,,,
Java formatting decimals to 2 digits precision,DecimalFormat,,,,,,,
How to use zip command using Runtime().getRuntime().exec() except directory folders in JAVA?,ProcessBuilder,,,,,,,
What type of copy does the default java.lang.Object.clone() method perform,Object,,,,,,,
How can I call a MySQL stored function from Java?,CallableStatement,,,,,,,
Check if DAY_OF_WEEK is between Monday and Friday,constant-values,,,,,,,
"Can HashMap serialized in 1.7, be used in 1.6?",serialized-form,,,,,,,
How to initialize inner ArrayList of a two-dimensional ArrayList,ArrayList,,,,,,,
how to change java listening interface from localhost to IP address?,ServerSocket,,,,,,,
Append text for printing before and after a JTable,Book,JTable,,,,,,
JPanel displaying weird error when drawing image,JComponent,,,,,,,
Random number generator without repetition Class in Java,Math,,,,,,,
Why an instance of anonymous class can be assigned to an Interface variable?,Thread,,,,,,,
Java: Comparing a class with another within that class using a my own .equals,Object,,,,,,,
Convert Java Date to UTC String,package-summary,Instant,DateTimeFormatter,ZonedDateTime,ZoneId,ZoneOffset,,
Why can't I read my text file?,Scanner,,,,,,,
Can't convert double in Scientific notation to either Integer String or Long using Java,BigDecimal,BigInteger,,,,,,
GridBagLayout resizing components,AbstractButton,,,,,,,
Calling a JFrame class into another class,Window,JFrame,,,,,,
Accessing Image pixel by pixel in Java,BufferedImage,,,,,,,
Window not resizing,Window,EventQueue,,,,,,
How can I execute custom SQL commands using ORACLE SQLLDR,Statement,,,,,,,
converting hashmap to stringarray,Collection,,,,,,,
How to add a single key shortcut to a JMenuItem,JComponent,KeyStroke,,,,,,
Rounding Inaccuracies When Combining Areas in Java?,Area,,,,,,,
Unmodifiable List in java,Collections,,,,,,,
List Classes inside jar dynamically,ZipFile,URLClassLoader,,,,,,
How to compare String to all elements in an array?,Set,,,,,,,
How to parse Date from HTTP Last-Modified header?,SimpleDateFormat,URLConnection,package-summary,DateTimeFormatter,,,,
output file new line not start from the nextline,BufferedWriter,,,,,,,
Get weeks of the month depending on week start,Calendar,DayOfWeek,YearMonth,TemporalAdjuster,TemporalAdjusters,package-summary,Date,SimpleDateFormat
write to file?,FileOutputStream,,,,,,,
Concurrently accessing different members of the same object in Java,package-summary,AtomicInteger,Lock,,,,,
How to pass system property values to a processBuilder?,ProcessBuilder,,,,,,,
How to put multiple values in Map from a list,Map,,,,,,,
How to make text field only accept decimal figures,DocumentFilter,,,,,,,
How do I add two long strings containing binary digits in Java?,BigInteger,,,,,,,
How to store the content of a JTextArea into a class?,DocumentListener,DocumentEvent,Document,JTextComponent,,,,
Comparing two collections using hamcrest contains() method,List,,,,,,,
Generate random date of birth,LocalDate,Instant,package-summary,,,,,
Multiple inputs from the same line in java,String,,,,,,,
"Can't access element in List: ""expression must be an array type""",List,,,,,,,
Is PrintWriter buffered?,PrintWriter,,,,,,,
Changing LookAndFeel of JTable of Custom Component,SwingUtilities,,,,,,,
TreeSet not adding all elements and HashSet,Comparable,Object,,,,,,
How do I count the number of words in a string?,String,,,,,,,
java remove elements which match certain duplication rules from list,Iterator,Collection,TreeSet,Comparator,Set,List,,
exclude a particular directory and exclude a list of files,File,FileFilter,,,,,,
Java adding items from an INT array to a String array,Arrays,,,,,,,
How do I resize an imageview image in javafx?,index,Image,,,,,,
Javafx Using Date Picker,LocalDate,,,,,,,
How to check a uploaded file whether it is a image or other file?,ServletContext,ImageIO,,,,,,
How to validate date string in java,SimpleDateFormat,DateFormat,,,,,,
How to split a string twice and add it to a linked list?,String,Pattern,,,,,,
Calling a method using reflection and return back the map,Method,,,,,,,
ExecutorCompletionService missing invokeAll interface,ExecutorService,,,,,,,
Android Calendar: first and last day of week -> zero month,Calendar,DateFormat,SimpleDateFormat,,,,,
Recursively replace regex find with path in the regex,Matcher,,,,,,,
Deep copying and genetic algorithm,Cloneable,Object,Arrays,,,,,
Place and access a file in class path after the main class is loaded,ClassLoader,Thread,,,,,,
How to use MouseListener to find a specific cell in a grid,JComponent,,,,,,,
Combine array of dates and sum values per month in Java,Collectors,YearMonth,,,,,,
SQLException deleting row from JTable and database,Statement,,,,,,,
Reading a specific portion of the txt file using java,String,,,,,,,
Getting Marshall result into String,ByteArrayOutputStream,,,,,,,
null Date assigned by SimpleDateFormat.parse(),SimpleDateFormat,,,,,,,
Does Object class default implementation of hashcode uses identityhashcode,Object,,,,,,,
"Fire a JButton with spacebar, or enter key, or mouse click",JRootPane,,,,,,,
How to launch the javafx app from java code,Application,,,,,,,
How to create a new File with the name of the current date,Instant,OffsetDateTime,ZoneOffset,LocalDateTime,,,,
Drawing exotic fonts in a java applet,Font,,,,,,,
How do I use java.util.Scanner with integers,Scanner,,,,,,,
How to convert Strings in functions in Java?,Class,,,,,,,
How to create new and dispose jcomponents multiple times?,JFrame,,,,,,,
"Using streams, how can I map the values in a HashMap?",Collectors,,,,,,,
Converting date to milliseconds is giving inconsistent results in Android (java),Calendar,,,,,,,
How to use Inputstream with Handler,InputStream,,,,,,,
How to Exact String value out side of tag xml or html and I have to store it in list using java?,SAXParser,DefaultHandler,StringBuilder,,,,,
Lock-free loop with JButton,SwingWorker,,,,,,,
mkdir() is not creating the new directory,File,,,,,,,
How to Loop next element in hashmap,Map,,,,,,,
How to pipe InputStream to ProcessBuilder,Process,,,,,,,
How to ignore characters in InputStream?,String,,,,,,,
How can I specify that an object implements an interface in Java?,Comparable,,,,,,,
How to upload a file in Selenium with no text box,Robot,KeyEvent,,,,,,
How can I get a certain RGB value from a canvas painted with LinearGradientPaint?,Color,,,,,,,
Media folder in jar file,Class,JarFile,,,,,,
Display Three Cards Images - JavaFX,Image,,,,,,,
How to compare objects in a generic LinkedList,Object,,,,,,,
How to get all the emphasized words from a word without an accent?,File,Collator,DirectoryStream,,,,,
Conversion of string to LocalDateTime in Java 8,package-summary,LocalDateTime,,,,,,
How to store a pdf file in postgresql database using servlets?,PreparedStatement,,,,,,,
How to parse a string number into a BigDecimal,BigDecimal,DecimalFormat,Double,,,,,
Is there a way to hide the tab bar of JTabbedPane if only one tab exists?,JTabbedPane,,,,,,,
remove smallest k elements from hashmap in JAVA,TreeMap,Comparator,Map,,,,,
"Elegant way to create a new map from old one in Java, while keeping the sorting of elements the same",TreeMap,,,,,,,
Scaling image through thread - JAVA,Graphics2D,,,,,,,
What is the difference between casting to a Long and calling longValue?,Number,,,,,,,
Getting the methods of a class,Class,,,,,,,
changing the index positioning in InputStream,RandomAccessFile,,,,,,,
Is there more than one caret in JavaFX TextField?,Node,,,,,,,
implementation of put method in a hashmap,HashMap,,,,,,,
how to access resources(Excel file) in jar file,Class,,,,,,,
how find a number of specific sub-string in a string,String,,,,,,,
JavaFX GridPane cells not auto-sizing to content,Region,Bindings,Shape,,,,,
A Date object capable of storing microseconds,package-summary,Instant,Clock,,,,,
Getting a Boolean value JAVAFX,Node,,,,,,,
How can I get a TreeView branch by name rather than value?,TreeItem,ObservableList,List,Stream,,,,
Java JSSE SSLEngine cannot resume SSL session,SSLContext,,,,,,,
ArrayList sorting objects using Comparator,Comparator,Double,,,,,,
Cut a Date String into Variables,String,,,,,,,
Why do I need to synchronize a list returned by Collections.synchronizedList,CopyOnWriteArrayList,,,,,,,
How to add two label with preferred size to a panel by using BorderLayout?,JPanel,,,,,,,
How to map File.setReadable to NIO Path operations,Files,,,,,,,
Order coordinates around center coordinate - JAVA,Collections,,,,,,,
How to focus JDialog programmatically?,Component,,,,,,,
Java socket cannot properly display the input received,Scanner,,,,,,,
How to remove specific element from an array,StringBuilder,ArrayList,,,,,,
How to prevent from user to open more than one JPanel in MDI Window?,List,,,,,,,
Wrong (Date) date return in Java,Date,Calendar,,,,,,
Sorting in map on the basis of order of numeric key,TreeMap,,,,,,,
How do i remove contents of a JTabbedPane after a menu item action,JTabbedPane,,,,,,,
Regular Expression named capturing groups support in Java 7,Pattern,Matcher,MatchResult,,,,,
Moving JTable rows downwards when new row is added to the table,DefaultTableModel,,,,,,,
Java util.Timer get Task Execution Thread,ScheduledExecutorService,Executors,ThreadFactory,,,,,
.Xml file is not packaged when I build jar,DocumentBuilder,Class,,,,,,
Instance variable in a Singleton class accessed by multiple threads,Collections,ConcurrentHashMap,,,,,,
Scan from text file,PrintStream,Scanner,,,,,,
ChronoUnit.between() for a converted java.util.Date,ChronoUnit,,,,,,,
WebView size in JavaFX Stage,StackPane,WebView,,,,,,
Find and Replace in String ArrayList,Pattern,Matcher,,,,,,
Access attribute,Point2D,Point,,,,,,
How to save a class that extends AbstractTableModel into a file whenever it changes?,AbstractTableModel,,,,,,,
Align text in JLabel to the right,JLabel,,,,,,,
How to iterate hashmap in reverse order in Java,TreeMap,HashMap,LinkedHashMap,NavigableMap,,,,
How to wait for all threads to complete,ExecutorService,,,,,,,
"MySQL update works, but not when used in PreparedStatement",Statement,PreparedStatement,,,,,,
"How to correctly ""layout"" a JLabel?",Container,,,,,,,
Unable to read txt file by line,MalformedInputException,Charset,Files,,,,,
How do I get ID of row i just inserted in Java,Statement,,,,,,,
How do I set the type of reference for the list?,Array,,,,,,,
Program freezes when writing to a file Java,File,,,,,,,
Reading lines into a list of lists,BufferedReader,Files,,,,,,
Parsing a date with short month without dot,package-summary,LocalDate,Month,DateTimeParseException,,,,
Java 8: grouping a collection by a field and flatten and join a collection as mapped value using stream?,Collectors,,,,,,,
How to compare characters in two CharSequences,CharSequence,,,,,,,
Parse conf file Java,Properties,,,,,,,
Implementing JScrollPane/JTextArea in SwingWorker,JTextArea,,,,,,,
Converting decimal to binary in java having trouble with reversing order,StringBuilder,,,,,,,
Remove outer white border in a java applet when embedded inside an HTML page,JComponent,,,,,,,
Parsing date without month using DateTimeFormatter,DateTimeFormatter,,,,,,,
Switching Keys in a Map of Maps,Map,,,,,,,
Trying to sort a priority queue by one of the stored nodes' values,Comparator,,,,,,,
Why is the program printing numbers when the variable is a string?,String,StringBuilder,,,,,,
