How do I format a number in Java,java.lang.Long.toString,,,,,
How do you crash a JVM,java.lang.System.exit,,,,,
How to round a number to n decimal places in Java,java.text.DecimalFormat.setRoundingMode,java.math.BigDecimal.setScale,java.lang.Math.round,,,
How do I calculate the elapsed time of an event in java,java.lang.System.currentTimeMillis,java.lang.System.nanoTime,,,,
How can I call Perl from Java,java.lang.Process.getInputStream,java.lang.Runtime.getRuntime,java.lang.Runtime.exec,java.lang.Process.exitValue,,
How do I get the last character of a string,java.lang.String.replace,java.lang.String.substring,,,,
How to get the current date/time in Java,java.util.TimeZone.getDefault,java.util.Date.toString,,,,
split string using regex,java.lang.String.split,,,,,
Format Float to n decimal places,java.text.DecimalFormat.setRoundingMode,java.math.BigDecimal.setScale,java.lang.Math.round,,,
Split string into array of character strings,java.lang.String.split,java.util.Arrays.stream,java.util.stream.Stream.of,,,
Run commands on mac with java code,java.lang.Runtime.exec,,,,,
Regular expression in java,java.util.regex.Pattern.quote,,,,,
Convert array of strings into a string in Java,java.lang.String.split,,,,,
Problem in replacing special characters in a String in java,java.lang.String.replace,java.util.regex.Pattern.quote,,,,
Split string by char in java,java.lang.String.split,,,,,
Extracting substrings from a string in Java,java.lang.String.indexOf,java.lang.String.contains,,,,
How to convert Double to int directly,java.lang.Integer.intValue,,,,,
Determine if a String is an Integer in Java,java.lang.Integer.parseInt,,,,,
Convert Java string to byte array,java.lang.String.split,,,,,
Checking if a number is an Integer in Java,java.lang.Integer.parseInt,,,,,
How do I convert a String to an int in Java,java.lang.Integer.toString,java.lang.Integer.intValue,java.lang.Integer.valueOf,,,
How do I copy a 2 Dimensional array in Java,java.lang.System.arraycopy,java.util.Arrays.copyOf,,,,
find the nth occurence of a substring in a string in java,java.lang.String.indexOf,java.lang.String.contains,,,,
Convert mm-dd-yyyy to yyyy-mm-dd,java.util.Date.toString,,,,,
How do I round a double to two decimal places in Java,java.text.DecimalFormat.setRoundingMode,java.math.BigDecimal.setScale,java.lang.Math.round,,,
How to convert ASCII to int,java.lang.Integer.intValue,,,,,
Convert ascii to int,java.lang.Integer.intValue,,,,,
Convert from Radians to Degrees in Java,java.lang.Math.toDegrees,,,,,
Converting double to string,java.lang.Integer.intValue,java.math.BigDecimal.doubleValue,,,,
Convert String to double in Java,java.lang.String.split,java.math.BigDecimal.doubleValue,,,,
How to round integer in java,java.text.DecimalFormat.setRoundingMode,java.math.BigDecimal.setScale,java.lang.Math.round,,,
Make copy of an array,java.util.ArrayList.clone,,,,,
Replacing characters in Java,java.lang.String.replace,java.util.regex.Pattern.quote,,,,
How to check if class exists somewhere in package,java.lang.Class.forName,,,,,
How can I convert a String to a char array,java.lang.Integer.toString,,,,,
reversing a String in java,java.util.Collections.reverse,,,,,
Regular expression to match unescaped special characters only,java.util.regex.Pattern.quote,,,,,
How to round the double value to 2 decimal points,java.lang.Math.round,,,,,
How to replace \\n by \n in Java,java.lang.String.replace,java.lang.String.replaceAll,,,,
"Parse short US date into yyyy-MM-dd, java",java.util.Date.toString,,,,,
Converting java.sql.Date to java.util.Date,java.time.ZonedDateTime.ofInstant,java.util.Date.toInstant,,,,
Split a string in java,java.lang.String.split,java.lang.String.split,java.lang.String.split,java.util.Arrays.stream,java.util.stream.Stream.of,
How do I remove a character from a String,java.lang.String.replace,,,,,
Running a batch file from java,java.lang.Runtime.exec,,,,,
Get MAC address on local machine with Java,java.net.NetworkInterface.getHardwareAddress,java.net.NetworkInterface.getNetworkInterfaces,,,,
Convertion from hexa decimal value to String,java.lang.Integer.parseInt,,,,,
how to split the string in java,java.lang.String.split,,,,,
How can I iterate over a string in Java,java.util.List.iterator,java.util.List.listIterator,java.util.HashMap.values,java.util.HashMap.keySet,,
Comparing strings by their alphabetical order,java.lang.String.compareTo,,,,,
Splitting a String using Word Delimiters,java.lang.String.split,,,,,
Measuring Download Speed Java,java.lang.System.nanoTime,,,,,
Converting ArrayList of Characters to a String,java.lang.String.split,,,,,
list of strings to list of doubles java,java.util.Collections.sort,,,,,
convert timestamp to date,java.util.Date.getTime,,,,,
replacing special chars with .replaceAll,java.lang.String.replace,java.util.regex.Pattern.quote,,,,
Run command in linux terminal using java program,java.lang.Runtime.exec,,,,,
converting double to integer in java,java.lang.Integer.intValue,java.math.BigDecimal.doubleValue,,,,
How to convert a color integer to a hex String in Android,java.lang.Integer.intValue,,,,,
Convert array list items to integer,java.lang.Integer.intValue,,,,,
How to convert long array to string array,java.lang.Integer.intValue,,,,,
How to find time taken to run a Java program,java.lang.System.nanoTime,,,,,
How to convert a char array to a string array,java.lang.String.split,java.lang.Integer.intValue,,,,
Help typecasting a String Array of bytes to actual bytes,java.lang.Byte.parseByte,java.lang.Integer.parseInt,,,,
Java Byte Array to String to Byte Array,java.util.Arrays.deepEquals,java.util.Arrays.equals,,,,
Getting method via reflection,java.lang.Class.getMethods,java.lang.Class.getDeclaredMethods,,,,
Converting Integer to Long,java.lang.Integer.intValue,,,,,
Array sort by Ascending in for loop,java.util.Collections.reverseOrder,,,,,
Converting a String array into an int Array in java,java.lang.String.split,,,,,
Java long to binary,java.lang.Long.parseLong,,,,,
How to change default java icon in JFileChooser,javax.swing.JFileChooser.setCurrentDirectory,,,,,
Java convert String[] to int[],java.lang.Integer.intValue,,,,,
how to compare on multiple classes in java,java.util.Arrays.deepEquals,java.util.Arrays.equals,,,,
How to Execute Windows Commands Using Java - Change Network Settings,java.lang.Runtime.exec,,,,,
Problems converting Set of Integers to int[] array,java.lang.Integer.intValue,,,,,
How can I convert string to double,java.lang.Integer.toString,java.math.BigDecimal.doubleValue,,,,
java : convert string value to int,java.lang.Integer.intValue,,,,,
Sorting an Array List of String[] arrays,java.util.Collections.sort,,,,,
java parse float without creating a float number with exponential,java.lang.Double.valueOf,,,,,
Java replace special characters in a string,java.lang.String.replace,java.util.regex.Pattern.quote,,,,
How to Convert Int to Unsigned Byte and Back,java.lang.Integer.intValue,,,,,
How to split word not a single character in Java,java.lang.String.split,,,,,
How to convert binary string value to decimal,java.lang.Integer.parseInt,,,,,
How to remove newlines from beginning and end of a string (Java),java.lang.String.trim,,,,,
Iterate over object attributes in java,java.lang.Class.getDeclaredFields,,,,,
Append relative URL to java.net.URL,java.net.URL.toURI,,,,,
Convert from byte array to string and string to byte array in java,java.lang.String.split,,,,,
Reverse a string in Java,java.util.Collections.reverse,,,,,
How can I get multiple characters from a string,java.lang.String.replace,,,,,
How to replace a word in a String,java.lang.String.split,,,,,
How to convert String to double in JSP,java.math.BigDecimal.doubleValue,,,,,
Java null char in string,java.lang.String.valueOf,,,,,
How to check if a string is a number,java.lang.Integer.parseInt,,,,,
How to show full stack trace on eclipse,java.lang.Throwable.printStackTrace,,,,,
Convert Java String to sql.Timestamp,java.sql.Timestamp.getTime,,,,,
Java regex to find a sequence of characters in a string,java.lang.String.indexOf,java.lang.String.contains,,,,
Convert String to int array in java,java.lang.String.split,java.lang.Integer.intValue,,,,
In java how to get substring from a string till a character c,java.lang.String.indexOf,java.lang.String.substring,,,,
How to convert String to long in Java,java.math.BigDecimal.doubleValue,,,,,
What is the fastest way to copy a double[] in Java,java.lang.System.arraycopy,,,,,
How can I remove a substring from a given String,java.lang.String.replace,,,,,
Getting unix timestamp from Date(),java.util.Date.getTime,,,,,
Split Java String into Two String using delimiter,java.lang.String.split,,,,,
Remove trailing comma from comma-separated string,java.lang.String.split,java.util.Arrays.asList,,,,
Running a batch file by java,java.lang.Runtime.exec,,,,,
How to split a String by space,java.lang.String.split,,,,,
Rounding a number up in Java,java.lang.Double.parseDouble,java.lang.Math.ceil,,,,
How can i get the Created Date and Time of a file in java,java.util.Date.toString,,,,,
Parse a string in Java,java.lang.String.split,,,,,
Convert integer to array of digits,java.lang.Integer.intValue,,,,,
Split string array using comma delimeter in java,java.lang.String.split,,,,,
How to compare two double values in Java,java.util.Arrays.deepEquals,java.util.Arrays.equals,,,,
How to convert a char to a String,java.lang.String.split,java.lang.Integer.intValue,,,,
Format a string using regex in Java,java.lang.String.split,,,,,
Cube root of a negative number,java.lang.Math.cbrt,,,,,
How to check if the value is integer in java,java.lang.Integer.parseInt,,,,,
Java special characters RegEx,java.util.regex.Pattern.quote,java.lang.String.replace,java.util.regex.Pattern.quote,,,
Splitting strings based on a delimiter,java.lang.String.split,,,,,
Splitting group of items using regex in java,java.lang.String.split,,,,,
Interrupt / Kill a running thread,java.lang.Thread.interrupt,,,,,
regular expressions escape on character,java.util.regex.Pattern.quote,,,,,
Convert hex string to binary string,java.lang.Integer.parseInt,,,,,
Convert byte to string in Java,java.lang.String.split,,,,,
Sort Array By variable in the first then sort it descending order,java.util.Collections.reverseOrder,,,,,
convert array of string to array of bytes,java.lang.String.split,,,,,
Remove part of string in Java,java.lang.String.substring,,,,,
Convert JSON date format,java.util.Date.getTime,,,,,
Convert string to float,java.math.BigDecimal.doubleValue,,,,,
Converting String to Int in Java using Arrays,java.lang.String.split,java.lang.Integer.intValue,,,,
Multiple Splits in Java,java.lang.String.split,,,,,
How to find the package name given a class name,java.lang.Class.getSimpleName,,,,,
Raising a number to a power in Java,java.lang.Math.pow,,,,,
How to check if a class is of type java.lang.Number,java.lang.Class.isEnum,,,,,
how to find before and after sub-string in a string,java.lang.String.split,,,,,
String to int conversion,java.lang.Integer.intValue,,,,,
how to get size of file in mb,java.io.File.length,,,,,
Cast Double to Integer in Java,java.math.BigDecimal.doubleValue,,,,,
Splitting strings with Java,java.lang.String.split,java.lang.String.split,,,,
Fastest way to set all values of an array,java.util.Arrays.sort,,,,,
Java - Splitting a String based on a String and a new line,java.lang.String.split,,,,,
How to split the following string in java,java.lang.String.split,,,,,
Finding characters in a string,java.lang.String.indexOf,java.lang.String.contains,,,,
Java rounding to nearest 0.05,java.lang.Math.round,,,,,
Java: How to split a string by a number of characters,java.lang.String.split,,,,,
How to find substring of a string with whitespaces in Java,java.lang.String.matches,java.lang.String.indexOf,java.lang.String.contains,,,
Java Convert integer to hex integer,java.lang.Integer.intValue,,,,,
how to split a string based on extended ascii in java,java.lang.String.split,,,,,
Splitting a string into words in Java,java.lang.String.split,java.lang.String.split,java.lang.String.split,java.lang.String.split,java.util.Arrays.stream,java.util.stream.Stream.of
Split a string in a special way,java.lang.String.split,,,,,
How to detect overflow when convert string to integer in java,java.math.BigInteger.BigInteger,java.lang.Integer.parseInt,,,,
How to find the exact word using a regex in Java,java.util.regex.Matcher.find,,,,,
How to convert a string[] into string,java.util.Set.toArray,,,,,
Replace a special character with other special character within string,java.lang.String.replace,java.util.regex.Pattern.quote,,,,
Hash a double in Java,java.lang.Double.hashCode,java.lang.Double.doubleToLongBits,,,,
How to convert a byte array to a hex string in Java,java.lang.String.split,,,,,
fastest way to sort a list in Java,java.util.Arrays.sort,,,,,
Loading a class in Java,java.lang.Class.getResource,java.lang.ClassLoader.getResource,,,,
How to add new System Properties in java,java.lang.System.setProperty,,,,,
how to Split String By \ in java,java.lang.String.split,,,,,
Is there a way to instantiate a class by name in Java,java.lang.Class.forName,,,,,
How to convert string to long,java.lang.Integer.intValue,,,,,
Make a copy of a variable and add to Arraylist,java.util.ArrayList.clone,,,,,
converting a String into a String array in Java,java.lang.String.split,,,,,
How to replace \\u by \u in Java String,java.lang.String.replace,java.lang.String.replaceAll,,,,
how to check if string contains '+' character,java.lang.String.contains,,,,,
How can I execute a Perl script from my Java program,java.lang.Process.getInputStream,java.lang.Runtime.getRuntime,java.lang.Runtime.exec,java.lang.Process.exitValue,,
Java String concatenation - nulls,java.lang.String.valueOf,,,,,
How to convert a Binary String to a base 10 integer in Java,java.lang.Integer.parseInt,,,,,
Converting ArrayList Strings of to Characters,java.lang.String.split,,,,,
find int in string,java.lang.String.indexOf,java.lang.String.contains,,,,
String object to Boolean,java.lang.Boolean.parseBoolean,java.lang.Boolean.valueOf,,,,
Java String remove all non numeric characters,java.lang.String.replaceAll,,,,,
Is there any way to find os name using java,java.lang.System.getProperties,java.lang.System.getProperty,,,,
How can I split a string into words in Java without using String.split(),java.lang.String.split,,,,,
How can i get String Variables from a given String,java.lang.String.replace,,,,,
Regex for special characters in java,java.util.regex.Pattern.quote,,,,,
End line characters prevent java from removing substrings from a string,java.lang.String.trim,,,,,
How to Split a string in java based on limit,java.lang.String.split,,,,,
error calling c++ from java program,java.lang.Runtime.exec,,,,,
How to replace first occurrence of string in Java,java.lang.String.replaceFirst,,,,,
How to convert an int array to String with toString method in Java,java.lang.Integer.intValue,java.lang.Integer.valueOf,,,,
How to convert formatted strings to float,java.lang.Integer.intValue,java.math.BigDecimal.doubleValue,,,,
How to wrap a string,javax.swing.JTextArea.setLineWrap,,,,,
Change priorityQueue to max priorityqueue,java.util.Collections.reverseOrder,,,,,
Regular Expression in Java,java.util.regex.Pattern.quote,,,,,
Comparing two strings in Java,java.util.Arrays.equals,java.util.Arrays.deepEquals,java.util.Arrays.equals,,,
Multiple threads and garbage collection in Java,java.lang.System.gc,,,,,
Convert hex string to int,java.lang.Integer.intValue,,,,,
Java executing Linux commands,java.lang.Runtime.exec,,,,,
Get string character by index - Java,java.lang.Character.toString,java.lang.String.charAt,,,,
Compare two objects in Java with possible null values,java.util.Objects.equals,,,,,
How to run linux command from java code,java.lang.Runtime.exec,,,,,
Convert array to a string in java,java.lang.String.split,,,,,
How to convert string to string array in java,java.lang.String.split,java.lang.Integer.intValue,java.lang.String.split,,,
Casting A String To An Int From A JTextField In Java,java.lang.Integer.valueOf,,,,,
How to convert string into int array,java.lang.Integer.toString,java.lang.Integer.intValue,,,,
How to get size in bits Java,java.io.File.length,,,,,
Extract a sequence from a string in java using Regex,java.lang.String.split,,,,,
Splitting a file in Java,java.lang.String.split,,,,,
How to stop a Callable submitted to ExecutorService,java.util.concurrent.ExecutorService.submit,java.util.concurrent.Future.cancel,,,,
Remove special character from string,java.lang.String.replace,java.util.regex.Pattern.quote,,,,
First char to upper case,java.lang.String.charAt,java.lang.Character.toUpperCase,,,,
How to split a string with a delimiter,java.lang.String.split,java.util.Arrays.asList,java.lang.String.split,,,
How to convert negative double value to binary value in java,java.lang.Integer.parseInt,java.math.BigDecimal.doubleValue,,,,
How can I read input from the console using the Scanner class in Java,java.util.Scanner.next,java.util.Scanner.nextLine,,,,
comma separator in a string variable,java.lang.String.split,java.util.Arrays.asList,,,,
How to convert milliseconds into hours and days,java.util.Date.getTime,,,,,
Java - Splitting String Array with a Comma,java.lang.String.split,java.util.Arrays.asList,,,,
Load Java Image inside package from a class in a different package,java.lang.Class.getResource,java.lang.ClassLoader.getResource,,,,
How to create an array of the methods of a class in Java,java.lang.Class.getName,,,,,
How can I split a string in to multiple parts,java.lang.String.split,,,,,
Unable to get the date in UTC format,java.util.Date.getTime,,,,,
String concat in java,java.lang.String.valueOf,,,,,
convert a string into string of array in java,java.lang.String.split,,,,,
Java reading text file,java.nio.file.Files.readAllBytes,java.nio.file.Files.readAllLines,java.io.BufferedReader.readLine,java.nio.file.Files.lines,,
Execute a linux terminal command in java,java.lang.Runtime.exec,,,,,
Convert double to BigDecimal and set BigDecimal Precision,java.math.BigDecimal.doubleValue,,,,,
Convert millisecond String to Date in Java,java.util.Date.getTime,,,,,
String to Integer array conversion,java.lang.Integer.intValue,,,,,
Execute shell command in Tomcat,java.lang.Runtime.exec,,,,,
How to Compare Two Numbers in Java,java.util.Arrays.deepEquals,java.util.Arrays.equals,,,,
linux command not running in Java application,java.lang.Runtime.exec,,,,,
Java word in string manipulation,java.lang.String.split,,,,,
splitting a string using words as delimiters,java.lang.String.split,,,,,
Java convert special string to array of array,java.lang.String.split,,,,,
How to run Different commands from Java Code,java.lang.Runtime.exec,,,,,
How to split the string in java,java.lang.String.split,,,,,
Split a String based on regex,java.lang.String.split,java.lang.String.split,,,,
How to force terminate all workers in ThreadPoolExecutor immediately,java.util.concurrent.ThreadPoolExecutor.shutdownNow,,,,,
Remove special characters java,java.lang.String.replace,java.util.regex.Pattern.quote,,,,
Number formator - Java,java.lang.String.format,,,,,
how to compare elements in a string array in java,java.util.Arrays.deepEquals,java.util.Arrays.equals,,,,
Splitting a String in Java with underscore as delimiter,java.lang.String.split,,,,,
How to print the results of a split in Java,java.lang.String.split,,,,,
Splitting string on multiple spaces in java,java.lang.String.split,,,,,
Converting string to int and a double,java.lang.Integer.intValue,,,,,
Converting a string representation of an array into an array in Java,java.lang.String.split,,,,,
Regular Expression strings in Java,java.util.regex.Pattern.quote,,,,,
How to turn uppercase to lowercase using the charAt method,java.lang.String.toLowerCase,java.lang.Character.toLowerCase,,,,
Java Type Convert from String to Integer,java.lang.Integer.intValue,,,,,
how to split a string on certain conditions,java.lang.String.split,,,,,
Convert Character array to string in Java,java.lang.String.split,,,,,
Finding all uppercase letters of a string in java,java.lang.String.indexOf,java.lang.String.contains,,,,
How to convert from fraction formatted string to Decimal or Float in Java,java.math.BigDecimal.doubleValue,,,,,
Splitting String using split method,java.lang.String.split,,,,,
Java replacement of specific characters,java.lang.String.replace,java.util.regex.Pattern.quote,,,,
How do I cast a double to an int in Java,java.lang.Integer.toString,java.lang.Integer.valueOf,,,,
Convert int array to string variable,java.lang.Integer.intValue,,,,,
Java regex for replacing all special characters except underscore,java.lang.String.replace,java.util.regex.Pattern.quote,,,,
How to split string in Java on whitespace,java.lang.String.split,,,,,
Java - Split a string to an array,java.lang.String.split,,,,,
JFileChooser change default directory in Windows,javax.swing.JFileChooser.setCurrentDirectory,,,,,
How can I convert an int to char,java.lang.Integer.toString,java.lang.Integer.intValue,,,,
Converting exponential value in java to a number format,java.lang.Double.valueOf,,,,,
Making Thread sleep for random amount of MS,java.lang.Thread.sleep,,,,,
Rounding to 2 decimal places,java.lang.Math.round,java.text.DecimalFormat.setRoundingMode,java.math.BigDecimal.setScale,java.lang.Math.round,,
Converting String to bytes in java,java.lang.String.split,,,,,
converting a string array with letters into an int array in java,java.lang.String.split,,,,,
Word in a word java,java.lang.String.split,,,,,
convert String to Array word by word in Java,java.lang.String.split,,,,,
Formatting Double to print without scientific notation using DecimalFormat,java.util.Formatter.syntax,java.lang.Double.toString,,,,
How to format numbers to a hex strings,java.lang.String.format,,,,,
Split String and Store in Array using Java,java.lang.String.split,,,,,
converting byte array of decimal value to hexadecimal string in java,java.lang.Integer.parseInt,,,,,
Split string with multiple delimiter including delimiters,java.lang.String.split,,,,,
Java Character removal of a string,java.lang.String.replaceAll,java.lang.String.trim,,,,
Interrupt a thread in java,java.lang.Thread.interrupt,,,,,
How to execute cmd command in Java class,java.lang.Runtime.exec,,,,,
Converting Array of Strings to Array of Integers,java.lang.String.split,java.lang.Integer.intValue,,,,
how to compare two string arrays without java utils,java.util.Arrays.deepEquals,java.util.Arrays.equals,,,,
Replacing single '\' with '\\' in Java,java.lang.String.replace,java.lang.String.replaceAll,,,,
Converting a Object[] array to an int [] array in java,java.lang.Integer.valueOf,,,,,
Splitting String into Array of Strings Java,java.lang.String.split,java.lang.String.split,java.util.Arrays.stream,java.util.stream.Stream.of,,
How do I check if a string contains a list of characters,java.lang.String.indexOf,,,,,
Java Split String Using Delimiter,java.lang.String.split,,,,,
Replacing special character from a String in Android,java.lang.String.replace,java.util.regex.Pattern.quote,,,,
How to split numbers in java,java.lang.String.split,,,,,
Cast Object to Generic Type for returning,java.lang.Class.cast,,,,,
Creating object of a class in Java,java.lang.Class.getConstructor,java.lang.reflect.Constructor.newInstance,java.lang.Class.newInstance,,,
How do I read and remove a number from a string,java.lang.String.replace,,,,,
How to combine two object arrays in Java,java.util.Arrays.deepEquals,java.util.Arrays.equals,,,,
How to convert Decimal to Binary Numbers in Java using JFrame,java.lang.Integer.parseInt,,,,,
Split string using Regex and indexOf,java.lang.String.split,,,,,
Splitting a comma separated string and extracting specific values,java.lang.String.split,java.util.Arrays.asList,,,,
Converting Decimal to Binary Java,java.lang.Integer.parseInt,,,,,
How to extract substrings from a string in java,java.lang.String.split,java.lang.String.indexOf,java.lang.String.substring,java.lang.String.indexOf,java.lang.String.contains,
Java- How do i convert a string of numbers to an Array of letters,java.lang.String.split,,,,,
Comparing two integer arrays in java,java.util.Arrays.equals,java.util.Arrays.deepEquals,java.util.Arrays.equals,,,
Java string hex to int,java.lang.Integer.parseInt,,,,,
How to convert String to byte,java.lang.Integer.intValue,,,,,
Convert byte array to String,java.lang.String.split,,,,,
Java: Detecting if a variable is a String or an Integer,java.lang.Integer.parseInt,,,,,
JAVA String concatenanting with comma,java.lang.String.valueOf,,,,,
Remove trailing zero in Java,java.math.BigDecimal.stripTrailingZeros,,,,,
Java - Checking if string is in another string,java.lang.Integer.parseInt,,,,,
how to convert from string to integer,java.lang.Integer.toString,java.lang.Integer.intValue,,,,
Java - how to convert letters in a string to a number,java.lang.String.split,java.lang.String.format,,,,
how to get currently running threads,java.lang.Thread.interrupt,java.lang.Thread.stop,,,,
16 bit hex string to signed int in Java,java.lang.Integer.parseInt,,,,,
Remove all characters from string which are not on whitelist,java.lang.String.replaceAll,,,,,
How to remove matched words from end of String,java.lang.String.trim,,,,,
Convert String to array of integer in java,java.lang.String.split,java.lang.Integer.intValue,,,,
converting string array into int array,java.lang.Integer.intValue,,,,,
Java reflection get all private fields,java.lang.reflect.Field.getType,,,,,
Converting Double into Int Array,java.lang.Integer.intValue,,,,,
replacing '\\' string with '\' in java,java.lang.String.replace,java.lang.String.replaceAll,java.lang.String.replaceAll,,,
get a character from a string,java.lang.String.indexOf,java.lang.String.substring,,,,
How to Convert string to byte,java.lang.Integer.intValue,,,,,
Round values in java,java.lang.Double.parseDouble,,,,,
Can we call the Garbage Collector explicitly,java.lang.System.gc,,,,,
how to user regex replace special characters in java,java.lang.String.replace,java.util.regex.Pattern.quote,,,,
Run a batch file with java program,java.lang.Runtime.exec,,,,,
Splitting string using multiple delimiters Java,java.lang.String.split,java.lang.String.split,,,,
How to Split a String into Different Variables,java.lang.String.split,java.lang.String.split,java.util.Arrays.stream,java.util.stream.Stream.of,,
How to get substring from the given string,java.lang.String.replace,,,,,
Java two's complement binary to integer,java.lang.Integer.toBinaryString,,,,,
Replace a character in java,java.lang.String.replace,java.util.regex.Pattern.quote,,,,
Splitting a string java,java.lang.String.split,java.lang.String.split,,,,
How to append a byte to a string in Java,java.lang.String.split,,,,,
Capitalize first word of a sentence in a string with multiple sentences,java.lang.String.split,,,,,
How do I print a double value without scientific notation using Java,java.util.Formatter.syntax,java.lang.Double.toString,,,,
How do I stop a running music thread in Java,java.lang.Thread.interrupt,java.lang.Thread.stop,,,,
Format a number string,java.lang.String.format,,,,,
ClassNotFoundException when loading JAR file with ClassLoader,java.lang.Class.getResource,java.lang.ClassLoader.getResource,java.lang.ClassLoader.getSystemClassLoader,,,
Java - Split string,java.lang.String.split,java.util.Arrays.asList,java.lang.String.split,,,
How to find occurences of substring in a string,java.lang.String.indexOf,java.lang.String.contains,,,,
Substring of a phrase in a sentence in Java,java.lang.String.split,,,,,
Remove n chars from end of String,java.lang.String.trim,,,,,
how to convert double to string in android,java.math.BigDecimal.doubleValue,,,,,
How to determine if a Java Class implements a particular Interface,java.lang.Class.isAssignableFrom,,,,,
How to remove a specified string from a string,java.lang.String.replace,,,,,
Split String using regex in java,java.lang.String.split,,,,,
Comparing elements in two string arrays,java.util.Arrays.equals,java.util.Arrays.deepEquals,java.util.Arrays.equals,,,
convert string to int in java,java.lang.String.split,java.lang.Integer.toString,java.lang.Integer.intValue,java.math.BigDecimal.doubleValue,,
Replace Last Occurrence of a character in a string,java.lang.String.replaceFirst,,,,,
How to replace all chars in the string except another string in this string,java.lang.String.replaceAll,,,,,
Convert string to int using char array,java.lang.Integer.intValue,,,,,
Convert string inside an Object to int,java.lang.Integer.valueOf,,,,,
how to split the string into string and integer in java,java.lang.String.split,java.lang.String.split,java.util.Arrays.stream,java.util.stream.Stream.of,,
Converting a part of a char array to string in java,java.lang.String.split,,,,,
splitting string in java using regex,java.lang.String.split,,,,,
Convert date to specific format,java.util.Date.getTime,,,,,
"How to split a string by "" | "" in split method of String class in Java",java.lang.String.split,,,,,
How to Convert a Double to a Decimal in Java,java.math.BigDecimal.doubleValue,,,,,
Implementing a binary insertion sort using binary search in Java,java.util.Collections.binarySearch,,,,,
java explode a line/string like php explode,java.lang.String.split,,,,,
How to remove trailing zeros from a string,java.math.BigDecimal.stripTrailingZeros,,,,,
How to Convert a String value to Binary String in java,java.lang.Integer.parseInt,java.lang.Integer.parseInt,,,,
How to concat two char arrays in java,java.util.Arrays.deepEquals,java.util.Arrays.equals,,,,
Loop over all fields in a Java class,java.lang.Class.getDeclaredFields,,,,,
How to split strings in Android,java.lang.String.split,,,,,
separating substrings from a string in java,java.lang.String.indexOf,java.lang.String.contains,,,,
Killing child thread from parent thread in java,java.lang.Thread.interrupt,,,,,
How to convert a hex integer to string,java.lang.Integer.intValue,,,,,
convert String to int to get a unique number,java.lang.Integer.intValue,,,,,
Java generating Strings with placeholders,java.lang.String.format,,,,,
Unable to run UNIX command from Java program,java.lang.Runtime.exec,,,,,
Converting a Java ArrayList of strings to a JavaScript array,java.lang.String.split,,,,,
How to convert array of byte to String in Java,java.lang.String.split,,,,,
Converting Milliseconds to Minutes and Seconds,java.util.Date.getTime,,,,,
how to replace string in java,java.lang.String.split,,,,,
How to format a 3-digit integer to a 4-digit string,java.lang.String.format,java.lang.String.format,,,,
How to get a substring from a string,java.lang.String.replace,java.lang.String.indexOf,java.lang.String.substring,,,
Checking if a string contains any of the strings in an array,java.lang.String.matches,,,,,
Converting float to int,java.lang.Integer.intValue,java.math.BigDecimal.doubleValue,,,,
Convert date format in android,java.util.Date.getTime,,,,,
How to get fields of parent class using reflection,java.lang.reflect.Field.getType,,,,,
Convert int to char in java,java.lang.Integer.intValue,,,,,
Java automatically waits for thread to finish before starting a new one,java.lang.Thread.join,,,,,
Splitting a string in java on more than one symbol,java.lang.String.split,,,,,
How to trim a string after a specific character in java,java.lang.String.split,,,,,
Replacing comma with any special character in string using java Regex,java.lang.String.replace,java.util.regex.Pattern.quote,,,,
Finding a repeated character in a string,java.lang.String.indexOf,java.lang.String.contains,,,,
how to convert char to string,java.lang.Integer.parseInt,java.lang.Integer.toString,java.lang.Integer.intValue,,,
Formatting a string array in java,java.lang.String.split,,,,,
How to print the address of an object if you have redefined toString method,java.lang.System.identityHashCode,java.lang.Object.toString,,,,
Instantiating a class in Java with reflection,java.lang.Class.getDeclaredConstructor,,,,,
Finding all 3 character length substrings in a string,java.lang.String.indexOf,java.lang.String.contains,,,,
Splitting a string in Java using multiple delimiters,java.lang.String.split,java.lang.String.split,java.lang.String.split,,,
How to compare items in an array in java,java.util.Arrays.deepEquals,java.util.Arrays.equals,,,,
How to create a generic array,java.lang.reflect.Array.newInstance,java.lang.Class.getName,java.lang.reflect.Array.newInstance,,,
Check if a String contains numbers Java,java.lang.Integer.parseInt,,,,,
Converting from binary to decimal in Java,java.lang.Integer.parseInt,,,,,
converts parts of a string to int in java,java.lang.String.split,,,,,
How to split the string a android,java.lang.String.split,,,,,
Split String To Array,java.lang.String.split,,,,,
Error when splitting a string in java,java.lang.String.split,,,,,
Best approach to converting Boolean object to string in java,java.lang.String.valueOf,,,,,
Convert String elements to Array,java.lang.String.split,,,,,
Java: initialising a class from a string,java.lang.reflect.Constructor.newInstance,java.lang.Class.forName,,,,
Convert string number to integer number,java.lang.Integer.intValue,,,,,
Run batch file from Java code,java.lang.Runtime.exec,,,,,
How to generate random numbers in java,java.util.Collections.shuffle,,,,,
How to check in Java if a number is a cube,java.lang.Integer.parseInt,,,,,
Case insensitive matching in Java switch-case statement,java.lang.String.matches,,,,,
Middle char to upper case in java,java.lang.String.charAt,java.lang.Character.toUpperCase,,,,
Reading files in Java,java.nio.file.Files.readAllBytes,java.nio.file.Files.readAllLines,java.io.BufferedReader.readLine,java.nio.file.Files.lines,,
Find Positions of a Character in a String,java.lang.String.indexOf,java.lang.String.contains,,,,
Convert from Float to integer,java.lang.Integer.intValue,,,,,
Converting between java.time.LocalDateTime and java.util.Date,java.time.ZonedDateTime.ofInstant,java.util.Date.toInstant,java.sql.Date.toLocalDate,java.sql.Date.valueOf,,
Splitting an array of strings in Java using .split,java.lang.String.split,,,,,
How to kill a running thread in wait,java.lang.Thread.interrupt,java.lang.Thread.destroy,java.lang.Thread.stop,java.lang.Thread.interrupt,,
Issue with double hashing Java,java.lang.Double.hashCode,java.lang.Double.doubleToLongBits,,,,
How to check if a string is an int,java.lang.Integer.parseInt,,,,,
Running Unix Command in Java File,java.lang.Runtime.exec,,,,,
Java - How to compare elements in a list created from a split string,java.lang.String.split,,,,,
How to convert a String array to char array in Java,java.lang.String.split,java.lang.Integer.intValue,java.lang.String.split,,,
Always Round UP a Double,java.lang.Math.ceil,,,,,
How to run linux script from Java,java.lang.Runtime.exec,,,,,
how do i convert int to date in specific form,java.lang.Integer.toString,,,,,
How to round up to the next integer,java.math.BigDecimal.setScale,,,,,
Cannot get square root of negative number,java.lang.Math.cbrt,,,,,
Checking if the input value is integer type java,java.lang.Integer.parseInt,,,,,
Check if class exists without running into ClassNotFoundException,java.lang.Class.forName,,,,,
How to compare specific elements of an array in java,java.util.Arrays.fill,,,,,
How to split an integer in Java,java.lang.String.split,,,,,
How to Compare strings in java,java.util.Arrays.deepEquals,java.util.Arrays.equals,,,,
Java regex split string into different variables,java.lang.String.split,,,,,
Split a String - java,java.lang.String.split,java.util.Arrays.asList,java.lang.String.split,java.lang.String.split,java.lang.String.split,
"Converting string of number to Hex, Binary, and Decimal",java.lang.Integer.parseInt,,,,,
Split String using delimiter in Java,java.lang.String.split,,,,,
java string replace whitespaces between two different special characters,java.lang.String.replace,java.util.regex.Pattern.quote,,,,
Splitting String by Regex,java.lang.String.split,,,,,
Java RegEx replace all characters in string except for a word,java.lang.String.replaceAll,,,,,
find number of string sequence in a string in java,java.lang.String.indexOf,java.lang.String.contains,,,,
Parsing a string array in java,java.lang.String.split,,,,,
Find Character in String,java.lang.String.indexOf,java.lang.String.contains,,,,
Converting Hexadecimal String to Decimal Integer,java.lang.Integer.parseInt,java.lang.Integer.intValue,,,,
Parsing string based on different delimiters,java.lang.String.split,,,,,
How to convert int Array to JSON String in Android,java.lang.Integer.intValue,,,,,
Convert Integer to Hex String,java.lang.Integer.intValue,,,,,
Java: converting char arrays to int,java.lang.Integer.intValue,,,,,
How to measure time taken by Java code,java.lang.System.nanoTime,,,,,
Round number to only first decimal place,java.text.DecimalFormat.setRoundingMode,java.math.BigDecimal.setScale,java.lang.Math.round,,,
How to round a value of a String to 2 decimal places,java.lang.Math.round,java.text.DecimalFormat.setRoundingMode,java.math.BigDecimal.setScale,java.lang.Math.round,,
Replacing words in a String java,java.lang.String.split,,,,,
Converting an array of ints to 1 int,java.lang.Integer.intValue,,,,,
Convert epoch String to Java date,java.util.Date.getTime,,,,,
split into arrays from a string array,java.lang.String.split,java.util.Arrays.stream,java.util.stream.Stream.of,,,
Splitting string using .split,java.lang.String.split,,,,,
Finding Integers In a String java,java.lang.String.indexOf,java.lang.String.contains,,,,
split with regex in java,java.lang.String.split,,,,,
How to split a complex string,java.lang.String.split,,,,,
Launch Java application from another application,java.lang.Runtime.exec,,,,,
Split a string on multiple characters,java.lang.String.split,,,,,
Java Read a text file,java.nio.file.Files.readAllBytes,java.nio.file.Files.readAllLines,java.io.BufferedReader.readLine,java.nio.file.Files.lines,,
converting double to binary in java,java.math.BigDecimal.doubleValue,,,,,
Find biggest value in Java,java.util.HashMap.values,java.util.HashMap.keySet,java.util.Collections.max,,,
Replace first occurrence of character in Android/Java,java.lang.String.replaceFirst,,,,,
How to get a package name of .class file,java.lang.Class.getSimpleName,,,,,
execute shell command from android,java.lang.Runtime.exec,,,,,
How to append a String to JSON String in java,java.lang.String.split,,,,,
How do I convert int into char[] to display time,java.lang.Integer.toString,,,,,
How to reverse the String,java.util.Collections.reverse,,,,,
Splitting a space separated string,java.lang.String.split,java.util.Arrays.asList,,,,
Remove special characters in the string in java,java.lang.String.replace,java.util.regex.Pattern.quote,,,,
Converting Hex double/float to Decimal double/float in Java,java.math.BigDecimal.doubleValue,,,,,
Convert java.util.Date to java.time.LocalDate,java.time.ZonedDateTime.ofInstant,java.util.Date.toInstant,,,,
Running command in Java,java.lang.Runtime.exec,,,,,
"How can split a string on ""\"" in java",java.lang.String.split,,,,,
Split a string with java,java.lang.String.split,java.lang.String.split,,,,
Replacing a character in a string,java.lang.String.replaceAll,,,,,
Conversion of Integer Arraylist to string,java.lang.Integer.intValue,,,,,
Regex to replace part of a String in Java,java.lang.String.substring,,,,,
Finding the number of words in a string,java.lang.String.indexOf,java.lang.String.contains,,,,
Converting binary to decimals and characters,java.lang.Integer.parseInt,,,,,
Splitting a string in java twice,java.lang.String.split,,,,,
How to find if a number is in an array,java.lang.Integer.parseInt,,,,,
How to round numbers to two decimal places in java,java.text.DecimalFormat.setRoundingMode,java.math.BigDecimal.setScale,java.lang.Math.round,,,
Converting int array to String array in java,java.lang.String.split,java.lang.Integer.intValue,,,,
How to convert String to String Array,java.lang.Integer.parseInt,java.lang.String.split,java.lang.Integer.toString,java.lang.Integer.intValue,,
Writing a regex to split string,java.lang.String.split,java.lang.String.split,,,,
How to Split Complex String in java and how to sum values,java.lang.String.split,,,,,
How to return a copy of an array,java.util.ArrayList.clone,,,,,
Rounding off double value in Java,java.lang.Double.parseDouble,,,,,
Java split method using Regex,java.lang.String.split,,,,,
How to run superuser commands on Linux through Java code,java.lang.Runtime.exec,,,,,
comparing string arrays in java,java.util.Arrays.equals,java.util.Arrays.deepEquals,java.util.Arrays.equals,,,
comparing two arrays in java,java.util.Arrays.equals,java.util.Arrays.deepEquals,java.util.Arrays.equals,,,
Trying to convert String to Integer,java.lang.Integer.intValue,,,,,
How to check if a string is a valid integer,java.lang.Integer.parseInt,,,,,
Converting Integer To Hex Java,java.lang.Integer.intValue,,,,,
"To count number of 1's,0's,2's in a string in java",java.lang.Integer.bitCount,,,,,
how to convert comma separated string to list of strings in java,java.lang.String.split,java.util.Arrays.asList,,,,
cannot convert from String to Integer,java.lang.Integer.intValue,,,,,
Converting a string to an integer Java,java.lang.String.split,java.lang.Integer.intValue,,,,
Getting substring from a given string in Java,java.lang.String.replace,java.lang.String.indexOf,java.lang.String.contains,,,
How can i convert string to long,java.lang.Integer.toString,,,,,
How to find different occurrences of a substring in a string using regex,java.lang.String.indexOf,java.lang.String.contains,,,,
String to find A character,java.lang.String.indexOf,java.lang.String.contains,,,,
Converting String to Date,java.util.Date.getTime,,,,,
Java Split String Regex,java.lang.String.split,,,,,
Splitting strings in java,java.lang.String.split,java.lang.String.split,,,,
How to convert a char array to an int array,java.lang.Integer.intValue,java.lang.Integer.valueOf,,,,
How to split string to words,java.lang.String.split,,,,,
Java : split string to char array using regex,java.lang.String.split,,,,,
How to store each sentence of a paragraph in a string in java,java.lang.String.split,,,,,
Replacing characters in Strings Java,java.lang.String.replace,java.util.regex.Pattern.quote,,,,
How to convert Object as timestamp to formatted date,java.util.Date.getTime,,,,,
Casting int to char in Java,java.lang.Integer.valueOf,,,,,
how to convert a double number to binary number in java,java.lang.Integer.parseInt,java.math.BigDecimal.doubleValue,,,,
Convert binary to decimal with an array,java.lang.Integer.parseInt,,,,,
java binary to decimal,java.lang.Integer.parseInt,,,,,
Splitting a Java String,java.lang.String.split,java.lang.String.split,,,,
Android - How to check the existence of a string value in another comma separated string,java.lang.String.split,java.util.Arrays.asList,,,,
Splitting a string into two,java.lang.String.split,java.util.Arrays.stream,java.util.stream.Stream.of,,,
How to read from a string and split certain words,java.lang.String.split,,,,,
How to split a string in every three words (JAVA),java.lang.String.split,,,,,
how do I convert text to integer in Java,java.lang.Integer.toString,java.lang.Integer.intValue,,,,
Check different objects for null value,java.util.Objects.equals,,,,,
Convert java.time.LocalDate into java.util.Date type,java.time.ZonedDateTime.ofInstant,java.util.Date.toInstant,,,,
Converting a String to an array of characters,java.lang.String.split,,,,,
Splitting a string and building another string in java,java.lang.String.split,,,,,
How to split String array and store the string in another array,java.lang.String.split,,,,,
how to convert string to int in Java,java.lang.String.split,java.lang.Integer.toString,java.lang.Integer.intValue,java.math.BigDecimal.doubleValue,java.lang.Integer.valueOf,
Java how to format a string,java.lang.String.format,,,,,
How to concat two string arrays in Java,java.util.Arrays.deepEquals,java.util.Arrays.equals,,,,
how to run batch file from java code,java.lang.Runtime.exec,,,,,
Java - Remove all non word characters of a string for all languages,java.lang.String.replaceAll,,,,,
Finding the index of an array,java.lang.String.indexOf,java.util.List.indexOf,,,,
How to fire command in Ubuntu Terminal using Java code,java.lang.Runtime.exec,,,,,
Is there any way we can execute some java code when a jvm process is killed,java.lang.Runtime.addShutdownHook,,,,,
arrays splitting strings java,java.lang.String.split,java.lang.String.split,,,,
How to round to the nearest 0.05,java.lang.Math.round,,,,,
Find and Delete a Sub-String in Java,java.lang.String.split,,,,,
How to split Numeric Values and Words from a String in Java,java.lang.String.split,,,,,
Converting a hex (two's complement) to Java value,java.lang.Integer.toBinaryString,,,,,
How to split a a string in java by multiple delimiters with padding spaces,java.lang.String.split,,,,,
How to open Terminal and execute command using java code in OSX,java.lang.Runtime.exec,,,,,
convert Integer to int,java.lang.Integer.toString,java.lang.Integer.intValue,java.util.BitSet.valueOf,,,
Removing characters from string in java,java.lang.String.replaceAll,java.lang.String.trim,,,,
Java convert 16 bits signed to 4 digits hex,java.lang.Integer.parseInt,,,,,
Java split String into Array,java.lang.String.split,,,,,
How to split a java string at backslash,java.lang.String.split,,,,,
How to replace string in java,java.lang.String.split,,,,,
Concatenation of a string and a regex in java,java.lang.String.split,,,,,
How to split only digits from a string,java.lang.String.split,,,,,
Unable to execute Unix command through Java code,java.lang.Runtime.exec,,,,,
Casting int to Object on java,java.lang.Integer.valueOf,,,,,
Remove word from a String in Java,java.lang.String.split,java.lang.String.replaceAll,,,,
Convert binary string to char,java.lang.Integer.parseInt,,,,,
How to remove a trailing zero from a string,java.math.BigDecimal.stripTrailingZeros,,,,,
How can I convert String[] to int[],java.lang.Integer.toString,java.lang.Integer.intValue,,,,
sorting of string array,java.util.Collections.sort,,,,,
Java regex split string after number,java.lang.String.split,,,,,
How to split a string after a dot in java,java.lang.String.split,,,,,
run batch file in java program,java.lang.Runtime.exec,,,,,
How do I return a double that is in scientific notation without it,java.util.Formatter.syntax,java.lang.Double.toString,,,,
How to split a String and to assign the split values to an array,java.lang.String.split,,,,,
Populating a Boolean Array in Java,java.util.Arrays.fill,java.lang.Boolean.FALSE,,,,
Counting words from array in a string,java.lang.String.split,,,,,
convert String to String array,java.lang.String.split,,,,,
Replacing substrings in a string Java,java.lang.String.indexOf,java.lang.String.contains,,,,
How to remove a substring in java,java.lang.String.replace,,,,,
convert a string into a character array,java.lang.String.split,,,,,
Best way to convert integers to Strings in Java,java.lang.Integer.intValue,java.lang.String.valueOf,,,,
String split function in Java,java.lang.String.split,,,,,
How to remove specific character from a string,java.lang.String.replace,,,,,
Convert double to String in Java,java.lang.String.split,java.math.BigDecimal.doubleValue,,,,
Trying to convert a String of digits to a array of numbers,java.lang.String.split,,,,,
How to split a string with numbers in java,java.lang.String.split,,,,,
Split String Array using Regex - Java,java.lang.String.split,,,,,
Pick a random element from a string array,java.util.Random.nextInt,java.util.Collections.shuffle,,,,
Casting Double to Integer,java.lang.Integer.intValue,,,,,
Java. double convert to string,java.math.BigDecimal.doubleValue,,,,,
Splitting a string by multiple characters in java,java.lang.String.split,,,,,
Find indexs in a List containing a string,java.lang.String.indexOf,java.util.List.indexOf,,,,
Get concrete class of interface field using Java reflection,java.lang.reflect.Field.getType,,,,,
How can I store substrings generated from a String into a String array,java.lang.String.replace,,,,,
Converting binary string to a hexadecimal string JAVA,java.lang.Integer.parseInt,,,,,
Converting char to string,java.lang.String.split,java.lang.Integer.intValue,,,,
convert string array to int,java.lang.String.split,java.lang.Integer.toString,java.lang.Integer.intValue,,,
Split a string in java,java.lang.String.split,java.lang.String.split,java.lang.String.split,java.util.Arrays.stream,java.util.stream.Stream.of,
Best way to convert string to double,java.lang.String.valueOf,,,,,
How to convert a String number to two three decimal places in Java,java.text.DecimalFormat.setRoundingMode,java.math.BigDecimal.setScale,java.lang.Math.round,,,
Rounding UP double values in java based on parameters,java.lang.Double.parseDouble,,,,,
Add separator in string using regex in Java,java.lang.String.split,,,,,
How to split a string into equal parts and store it in a string array,java.lang.String.split,,,,,
Creating a Generic array without using Arraylist,java.lang.reflect.Array.newInstance,,,,,
Converting a string to ints and chars,java.lang.Integer.intValue,,,,,
How to Split String With double quotes in java,java.lang.String.split,,,,,
split a string in java algorithm,java.lang.String.split,java.lang.String.split,,,,
Replace special character in a String,java.lang.String.replace,java.util.regex.Pattern.quote,,,,
Java - Replace special character in a String,java.lang.String.replace,java.util.regex.Pattern.quote,,,,
Checking if string value is a set of integers,java.lang.Integer.parseInt,,,,,
Case-insensitive string matching in Java without anchors,java.lang.String.matches,,,,,
Substring error converting Int to String,java.lang.Integer.intValue,,,,,
How to split a String into integers,java.lang.String.split,java.lang.String.split,java.util.Arrays.stream,java.util.stream.Stream.of,,
Convert hex string to integer,java.lang.Integer.intValue,,,,,
How to convert from Binary to Decimal,java.lang.Integer.parseInt,,,,,
Convert int to string and return,java.lang.Integer.intValue,,,,,
Finding Substring from a String,java.lang.String.indexOf,java.lang.String.contains,,,,
Alternative to successive String.replace,java.lang.StringBuilder.replace,java.lang.String.replace,java.lang.String.regionMatches,,,
Split a string array into another array,java.lang.String.split,java.util.Arrays.stream,java.util.stream.Stream.of,,,
Convert array elements from string to an integer,java.lang.Integer.intValue,,,,,
Extract substring in Java,java.lang.String.indexOf,java.lang.String.contains,,,,
How do I parse a hex-int from a string to an Integer,java.lang.Integer.toString,,,,,
Replacing a line in java from a substring using regex,java.lang.String.split,,,,,
Converting from char to int,java.lang.Integer.toString,java.lang.Integer.intValue,,,,
Convert String to Integer JSP,java.lang.Integer.intValue,,,,,
How to convert string to double,java.lang.Integer.parseInt,java.lang.Integer.toString,java.lang.Integer.intValue,java.math.BigDecimal.doubleValue,,
How would I check if a part of a string equals another string of unknown length,java.lang.String.contains,,,,,
Closing Database Connections in Java Swing,java.sql.DriverManager.getConnection,,,,,
How to split a java string at backslash and underscore,java.lang.String.split,,,,,
Splitting and converting String to int,java.lang.Integer.intValue,,,,,
How to replace a string in java if replacement string contains special(some regex) character,java.lang.String.replace,java.util.regex.Pattern.quote,,,,
How to merge a string in Java,java.lang.String.split,,,,,
Java Split String list into a string list,java.lang.String.split,java.lang.String.split,java.lang.String.split,java.util.Arrays.stream,java.util.stream.Stream.of,
Splitting string based on delimiter,java.lang.String.split,,,,,
How to convert Vector elements to comma separated String,java.lang.String.split,java.util.Arrays.asList,,,,
Conversion of string to array,java.lang.String.split,,,,,
how to convert String into Integer in java,java.lang.Integer.intValue,java.math.BigDecimal.doubleValue,,,,
How to round a float value to double value,java.lang.Double.parseDouble,java.lang.Math.round,,,,
how can i get int array from the string,java.lang.Integer.toString,,,,,
java how to split string from end,java.lang.String.split,,,,,
Split a string in java and map to value with another string,java.lang.String.split,,,,,
How to split a string array into small chunk arrays in java,java.lang.String.split,,,,,
best way to split String in java,java.lang.String.split,,,,,
Convert a Json String to a String,java.lang.String.split,,,,,
Find String Pattern in Java,java.lang.String.indexOf,java.lang.String.contains,,,,
How to split string of numbers in to int array,java.lang.String.split,java.lang.String.split,java.util.Arrays.stream,java.util.stream.Stream.of,,
How to convert a char to int and vice versa,java.lang.Integer.intValue,,,,,
"How to split a string on a single asterisk in Java, while not splitting on doubled asterisk",java.lang.String.split,,,,,
java regex replace special characters and spaces with dash,java.lang.String.replace,java.util.regex.Pattern.quote,,,,
Finding substring in a string in Java,java.lang.String.indexOf,java.lang.String.contains,,,,
Java: Remove non alphabet character from a String without regex,java.lang.String.replaceAll,,,,,
Case-insensitive matching of a string to a Java enum,java.lang.String.matches,,,,,
how to round to two decimal places in java,java.text.DecimalFormat.setRoundingMode,java.math.BigDecimal.setScale,java.lang.Math.round,,,
How to replace part of a String in Java,java.lang.String.substring,,,,,
Convert a base 10 number to a base 3 number,java.lang.Integer.parseInt,,,,,
How do I convert a char [] to an int,java.lang.Integer.toString,java.lang.Integer.intValue,,,,
Remove trailing substring from String in Java,java.math.BigDecimal.stripTrailingZeros,,,,,
How to split a String my Empty lines in java,java.lang.String.split,,,,,
Best way to check if a value is an integer,java.lang.Integer.parseInt,,,,,
How to find if an ArrayList contains a character from a String,java.lang.String.indexOf,java.util.List.indexOf,,,,
Put words in a string array,java.lang.String.split,,,,,
Converting long to int in Java,java.lang.Integer.intValue,,,,,
Java split string by regex,java.lang.String.split,,,,,
Converting an integer and a character to a string in java,java.lang.String.split,,,,,
How to split by word in java,java.lang.String.split,,,,,
Split string into chars in java,java.lang.String.split,java.lang.String.split,,,,
"Java, Round double to two decimal (round to 0.05)",java.lang.Math.round,,,,,
How to split strings with multiple lines,java.lang.String.split,java.lang.String.replaceAll,,,,
split string using special characters using java,java.lang.String.replace,java.util.regex.Pattern.quote,,,,
Convert int to hex string,java.lang.Integer.intValue,,,,,
Alphabetize a string array without using Array.sort() or compareTo(),java.lang.Comparable.compareTo,java.lang.String.compareToIgnoreCase,java.util.Collections.sort,,,
How to Remove substring from string,java.lang.String.replace,,,,,
Convert int array to hex array,java.lang.Integer.intValue,,,,,
How to convert int[] into String[],java.lang.Integer.intValue,,,,,
Use Java Regex to find multiple matching words in a sentence,java.util.regex.Matcher.find,,,,,
convert string cell to array of integers,java.lang.String.split,java.lang.Integer.intValue,,,,
How to split a string from a file in Java,java.lang.String.split,java.lang.String.split,java.lang.String.split,java.util.Arrays.stream,java.util.stream.Stream.of,
Converting strings to integers from an array of strings,java.lang.String.split,java.lang.Integer.intValue,,,,
Convert String array to int values and store it in int array,java.lang.Integer.intValue,,,,,
How to split a String using regex in Java without losing numberic,java.lang.String.split,java.lang.String.split,,,,
How can i store string value with whitespace in char array in java,java.lang.String.matches,,,,,
How to split a comma separated string that contains substrings within parentheses with commas,java.lang.String.split,java.util.Arrays.asList,,,,
java convert string to int and remove trailing zeros,java.math.BigDecimal.stripTrailingZeros,,,,,
How do I convert a char string to an integer in Java,java.lang.Integer.toString,java.lang.Integer.intValue,,,,
Display a two dimensional array in java,java.util.Arrays.stream,java.util.stream.Stream.flatMapToInt,,,,
Find index of a string array,java.lang.String.indexOf,java.util.List.indexOf,,,,
Regular expression string in java,java.util.regex.Pattern.quote,,,,,
How to compare two elements from different arrays in Arraylist,java.util.Arrays.deepEquals,java.util.Arrays.equals,,,,
Regex for a string pattern split,java.lang.String.split,,,,,
How to convert array of String in hex to array of int using Java,java.lang.String.split,java.lang.Integer.intValue,,,,
How to parse/split a string,java.lang.String.split,,,,,
Replace characters in java string,java.lang.String.replace,java.util.regex.Pattern.quote,,,,
Matches in a string in Java,java.lang.String.indexOf,java.lang.String.contains,,,,
How to check if string contains some character in Java,java.lang.String.contains,,,,,
Java Math convert to Integer,java.lang.Integer.intValue,,,,,
How to compare two dimensional string array with string variable,java.util.Arrays.deepEquals,java.util.Arrays.equals,,,,
How to split a string in java by using following String,java.lang.String.split,java.lang.String.split,,,,
Java string split with multiple delimeters,java.lang.String.split,,,,,
Best way to convert a SUBSTRING to integer in java,java.lang.String.valueOf,,,,,
How to convert binary to decimal with long integer,java.lang.Integer.parseInt,java.lang.Integer.intValue,,,,
How to compare string in Java,java.util.Arrays.deepEquals,java.util.Arrays.equals,,,,
How to get GMT date from Unix epoch time milliseconds,java.util.Date.getTime,,,,,
equals method in java,java.lang.Object.hashCode,java.lang.String.equals,java.lang.Object.equals,,,
How to get substring from string,java.lang.String.indexOf,java.lang.String.substring,,,,
Separating comma separated values in a string,java.lang.String.split,java.util.Arrays.asList,,,,
char to int conversion,java.lang.Integer.intValue,,,,,
Java Converting String to Integer,java.lang.String.split,java.lang.Integer.intValue,,,,
replace part of a string in java,java.lang.String.substring,,,,,
Fastest way to read binary into int[] in java,java.nio.file.Files.readAllBytes,,,,,
Splitting query string using multiple delimiters - java,java.lang.String.split,,,,,
Java Formatting String to replace Special Character,java.lang.String.replace,java.util.regex.Pattern.quote,,,,
How do i check if string contains a part of a string,java.lang.String.contains,,,,,
Split a string in android,java.lang.String.split,java.lang.String.split,,,,
How to convert values stored in the String array to Integer array in Java,java.lang.Integer.intValue,,,,,
as I find a string in another java,java.lang.String.indexOf,java.lang.String.contains,,,,
Doubling letters of a string in java,java.lang.String.split,,,,,
Rounding to two decimal places,java.text.DecimalFormat.setRoundingMode,java.math.BigDecimal.setScale,java.lang.Math.round,,,
How to parse int from String,java.lang.Integer.toString,java.lang.Integer.intValue,,,,
How to convert byte[] to String in Java,java.util.Arrays.deepEquals,java.util.Arrays.equals,,,,
Compare two Integer Objects in Java,java.util.Arrays.equals,java.util.Arrays.deepEquals,java.util.Arrays.equals,,,
Run linux commands through java,java.lang.Runtime.exec,,,,,
How to convert a string to an integer,java.lang.Integer.intValue,java.lang.Integer.valueOf,,,,
Replace a substring in Java,java.lang.String.indexOf,java.lang.String.contains,,,,
split string using regular expression in java,java.lang.String.split,,,,,
Align string in a column in a java,java.util.Formatter.syntax,java.lang.String.format,,,,
LocalDate to java.util.Date and vice versa simplest conversion,java.sql.Date.toLocalDate,java.sql.Date.valueOf,,,,
How to replace special character In Android,java.lang.String.replace,java.util.regex.Pattern.quote,,,,
Finding a string inside a string,java.lang.String.indexOf,java.lang.String.contains,,,,
How to convert a binary String to a decimal string in Java,java.lang.Integer.parseInt,java.lang.Integer.parseInt,,,,
How to split a string by comma followed by a colon in java,java.lang.String.split,,,,,
Remove all punctuation from the end of a string,java.lang.String.trim,,,,,
JAVA Comma separated string to single quoted string,java.lang.String.split,java.util.Arrays.asList,,,,
Convert decimal to IEEE Binary,java.lang.Integer.parseInt,,,,,
type casting with objects,java.lang.Class.cast,,,,,
Check if a String is Integer,java.lang.Integer.parseInt,,,,,
How to check whether a class exists,java.lang.Class.forName,,,,,
Parsing a string using regex,java.lang.String.split,,,,,
Using REGEX in Java for splitting a string,java.lang.String.split,java.lang.String.split,,,,
How to sort Integer digits in ascending order without Strings or Arrays,java.util.Collections.reverseOrder,,,,,
How do I split a string into parts in Java,java.lang.String.split,,,,,
How to split String with special character using Java,java.lang.String.split,,,,,
Run methods in a thread,java.lang.Thread.interrupt,,,,,
How to convert string to int in java to get calculation,java.lang.Integer.intValue,,,,,
Java Reflection for creating new objects,java.lang.Class.newInstance,,,,,
Using substring to find a string,java.lang.String.indexOf,java.lang.String.contains,,,,
how to check if arraylist contains a string,java.lang.String.contains,,,,,
Integer to string conversion,java.lang.Integer.intValue,,,,,
Instantiate Object from Class,java.lang.reflect.Constructor.newInstance,java.lang.Class.forName,java.lang.Class.getConstructors,java.lang.Class.getConstructor,java.lang.Class.newInstance,
how to create a random generated alphabet in Java,java.util.Collections.shuffle,,,,,
Java - Checking if int is empty,java.util.List.isEmpty,,,,,
how to split a String on date format,java.lang.String.split,,,,,
Execute a shell command line in Java,java.lang.Runtime.exec,,,,,
Convert java.sql.Date to java.sql.Timestamp,java.sql.Date.toLocalDate,java.sql.Date.valueOf,java.sql.Timestamp.getTime,,,
Remove trailing zeros from string java,java.math.BigDecimal.stripTrailingZeros,,,,,
Convert Java String hexadecimal number to int hexadecimal number,java.lang.Integer.intValue,,,,,
Number formatting - Java,java.lang.String.format,,,,,
Remove specific characters from a String in java,java.lang.String.replaceAll,,,,,
Split String into Array based on multiple delimiters in Java,java.lang.String.split,,,,,
Double convert to Fraction,java.math.BigDecimal.doubleValue,,,,,
Converting String binary to integer,java.lang.Integer.parseInt,java.lang.Integer.intValue,java.lang.Integer.parseInt,,,
How to convert Binary String to int array,java.lang.Integer.parseInt,java.lang.Integer.intValue,,,,
How can I cast/convert an int to an object? (java),java.lang.Integer.valueOf,,,,,
Start a batch File in Java program,java.lang.Runtime.exec,,,,,
String split in Java with a date format,java.lang.String.split,,,,,
Running batch file for creating jar and execute the batch file through java code,java.lang.Runtime.exec,,,,,
Trying to convert int type to string type,java.lang.Integer.intValue,,,,,
How to convert string array to int array in java,java.lang.String.split,java.lang.Integer.toString,java.lang.Integer.intValue,,,
How to convert integer into place values,java.lang.Integer.intValue,,,,,
Converting an integer array to a String,java.lang.String.split,java.lang.Integer.intValue,,,,
How to convert a int to byte,java.lang.Integer.intValue,java.util.BitSet.valueOf,,,,
Java : Splitting a String using Regex,java.lang.String.split,,,,,
How to concatenate string in java,java.lang.String.valueOf,java.lang.String.split,,,,
Remove non-standard characters from a String in java,java.lang.String.replaceAll,,,,,
replace special character String with another Special character,java.lang.String.replace,java.util.regex.Pattern.quote,,,,
Removing special characters from string,java.lang.String.replace,java.util.regex.Pattern.quote,,,,
How to split a string in java using stringtokenizer by dynamic data,java.lang.String.split,,,,,
splitting the String using StringTokenizer in Java,java.lang.String.split,,,,,
Convert specific int array to String,java.lang.Integer.intValue,,,,,
How to escape special characters in a regex pattern in java,java.util.regex.Pattern.quote,,,,,
Split String on the basis of multiple delimiters,java.lang.String.split,,,,,
How to split a string on another string with space characters,java.lang.String.split,,,,,
Java String to Array Splitting,java.lang.String.split,,,,,
How do I convert a JTextField string to a double,java.lang.Integer.toString,,,,,
Java - How to split a string into arguments for a command,java.lang.String.split,,,,,
find String of an Array that is in an array,java.lang.String.indexOf,java.util.List.indexOf,,,,
Java - String to number,java.lang.String.format,,,,,
Convert exponential values in a String into a decimal representation without exponential notation,java.lang.Double.valueOf,,,,,
Using regex to trim a specific word in String,java.lang.String.split,,,,,
Taking char and int inputs,java.util.Scanner.next,,,,,
Character deletion from a string in java,java.lang.String.replaceAll,,,,,
How to get values from string with split in java,java.lang.String.split,,,,,
Splitting a string to a list of integers in java,java.lang.String.split,java.lang.String.split,java.lang.String.split,java.util.Arrays.stream,java.util.stream.Stream.of,
How to convert string to string array using java,java.lang.String.split,java.lang.Integer.intValue,,,,
Find the longest word in a String,java.lang.String.indexOf,java.lang.String.contains,,,,
String to String array? java,java.lang.String.split,,,,,
How to convert exponential number String to an integer number String,java.lang.Integer.intValue,,,,,
How to split file name into base and extension,java.lang.String.split,,,,,
How to convert Java string to byte array,java.lang.Integer.intValue,,,,,
How to split the string in java by \,java.lang.String.split,,,,,
How to implement binary search for array of strings,java.util.Collections.binarySearch,,,,,
java get name of package of class,java.lang.Class.getSimpleName,,,,,
sort list of int[] in java,java.util.Collections.sort,,,,,
Finding word position in a string for java,java.lang.String.split,java.lang.String.indexOf,java.lang.String.contains,,,
How to alignments string to the right,java.lang.String.format,,,,,
how to convert int to hexadecimal color format in java,java.lang.Integer.intValue,,,,,
how to reverse a number using array in java,java.util.Collections.reverse,,,,,
How do I convert a String to array Integer,java.lang.Integer.toString,java.lang.Integer.intValue,,,,
Cast an Object To Long in Java,java.lang.Integer.valueOf,,,,,
Right align integers (Java),java.lang.String.format,,,,,
How to split a word using java regex,java.lang.String.split,java.lang.String.split,,,,
java code to execute commands,java.lang.Runtime.exec,,,,,
How do I parse multiple integers from a string,java.lang.Integer.toString,,,,,
How to replace a specific string in Java,java.lang.String.split,,,,,
Java: join array of primitives with separator,java.lang.String.join,,,,,
How to convert string of numbers into int array in java,java.lang.String.split,java.lang.Integer.intValue,,,,
Java regular expression characters in a string,java.util.regex.Pattern.quote,,,,,
Finding substring from a string using regex java,java.lang.String.split,java.lang.String.indexOf,java.lang.String.contains,,,
Finding the indexes of multiple words in a string,java.lang.String.indexOf,java.lang.String.contains,,,,
Split a string in java into two parts,java.lang.String.split,,,,,
Converting digits to words in a string in Java,java.lang.String.split,,,,,
Converting an integer into an int array in Java,java.lang.Integer.valueOf,,,,,
"Changing upper case string to lower case, but keep only first character to Upper case",java.lang.String.charAt,java.lang.Character.toUpperCase,,,,
Converting integer to byte hex in java,java.lang.Integer.intValue,,,,,
Java - How to split a string with numbers separated by spaces into variables,java.lang.String.split,java.util.Arrays.asList,java.lang.String.split,,,
How can we remove a ':' characters from a string,java.lang.String.replace,,,,,
Java regex replace string with special characters,java.lang.String.replace,java.util.regex.Pattern.quote,,,,
sorting of HashMap in Java,java.util.Collections.sort,,,,,
Convert Integer to specific String format,java.lang.Integer.intValue,,,,,
Java Array String Compare,java.util.Arrays.equals,,,,,
Convert binary to decimal using arrays in java,java.lang.Integer.parseInt,,,,,
Checking if class is of certain type,java.lang.Class.isAssignableFrom,,,,,
Signed int to 16 bit hex string in Java,java.lang.Integer.parseInt,,,,,
Splitting string by multiple delimiters,java.lang.String.split,,,,,
Convert comma-separated string to list of variables,java.lang.String.split,java.util.Arrays.asList,,,,
How do I interrupt a long running Java Thread in a ThreadPoolExecutor,java.lang.Thread.interrupt,java.lang.Thread.stop,,,,
Trying to determine if a string is an integer,java.lang.Integer.parseInt,,,,,
Convert array of Strings to String,java.lang.String.split,,,,,
How to split a string in Java at a particular index,java.lang.String.split,,,,,
Java RegEx split method,java.lang.String.split,,,,,
Making a binary to decimal converter,java.lang.Integer.parseInt,,,,,
How to remove a character in a String in Java,java.lang.String.replaceAll,java.lang.String.split,,,,
Splitting letters and numbers in a string in java,java.lang.String.split,,,,,
how to convert hex value to decimal value of pixel,java.lang.Integer.parseInt,,,,,
converting a string to integer and integer to string in java,java.lang.String.split,java.lang.Integer.intValue,java.lang.Integer.parseInt,,,
How to convert TimeStamp to appropriate Date format,java.util.Date.getTime,,,,,
How to convert a string to uppercase without using the toUpperCase method,java.lang.String.toLowerCase,java.lang.Character.toLowerCase,,,,
Replacing more than one character in a String,java.lang.String.split,,,,,
How to convert String to int and compare it by using Comparator,java.lang.Integer.intValue,,,,,
I want to use the regex to split the string in java,java.lang.String.split,,,,,
Java garbage collection of private field,java.lang.System.gc,,,,,
Java regex pattern replacing space followed by special character,java.lang.String.replace,java.util.regex.Pattern.quote,,,,
Converting String to Number in Java,java.lang.String.split,,,,,
Converting index of string to integers,java.lang.Integer.intValue,,,,,
Replace a character in a String,java.lang.String.replaceAll,,,,,
Convert integer to byte in java,java.lang.Integer.intValue,,,,,
Java regular expression to match specific special characters,java.util.regex.Pattern.quote,,,,,
Execute commands in CMD on Windows with Java code,java.lang.Runtime.exec,,,,,
Converting to base 10 in java,java.lang.Integer.parseInt,,,,,
Unable to split string correctly in Java,java.lang.String.split,,,,,
How to split Strings in java,java.lang.String.split,java.lang.String.split,java.lang.String.split,java.util.Arrays.stream,java.util.stream.Stream.of,
converting currency in java from float to integer,java.math.BigDecimal.doubleValue,,,,,
How to convert a string array to an int array,java.lang.String.split,java.lang.Integer.intValue,java.lang.Integer.valueOf,,,
Replace parts of a string in Java,java.lang.String.substring,,,,,
Java reflection: Get inner instantiated field,java.lang.reflect.Field.getType,,,,,
Convert String to byte[] array,java.util.Arrays.deepEquals,java.util.Arrays.equals,,,,
How to do a split in java,java.lang.String.split,,,,,
Parsing String to Integers,java.lang.Integer.intValue,,,,,
How do I stop a thread,java.lang.Thread.interrupt,java.lang.Thread.stop,,,,
java - How to convert Float to BigDecimal,java.math.BigDecimal.doubleValue,,,,,
Finding substring in a given string by changing into char array,java.lang.String.indexOf,java.lang.String.contains,,,,
Java converting a group of string to String Array Integer Array,java.lang.String.split,,,,,
Java: How to check if chars are contained in a string,java.lang.String.contains,,,,,
Java find value in a string using regex,java.lang.String.split,java.lang.String.indexOf,java.lang.String.contains,,,
How to Convert String to Char and Integer in Java ,java.lang.Integer.intValue,java.math.BigDecimal.doubleValue,,,,
Java : Cast String Array to an Object,java.lang.Integer.valueOf,,,,,
Java convert String of byte array to byte array,java.lang.String.split,,,,,
How to reverse String in place in Java,java.util.Collections.reverse,,,,,
Removing special character from Java String,java.lang.String.replace,java.util.regex.Pattern.quote,,,,
Java ArrayList - check if element is empty,java.util.List.isEmpty,,,,,
Rounding a number to 2 decimal places fails,java.text.DecimalFormat.setRoundingMode,java.math.BigDecimal.setScale,java.lang.Math.round,,,
Java Simple date format - dd/MM/yy v/s dd/MM/yyyy,java.util.Date.toString,,,,,
How to split a string with value contains the delimiter also in java,java.lang.String.split,,,,,
How to split a comma separated xml string when xml contains comma in it,java.lang.String.split,java.util.Arrays.asList,,,,
How to split string in different string occurrences,java.lang.String.split,,,,,
How to convert int to string (Android),java.lang.Integer.intValue,,,,,
Split a String into a String and an int in Java,java.lang.String.split,java.lang.String.split,,,,
Find the longest substring match of the a string in a given base string,java.lang.String.indexOf,java.lang.String.contains,,,,
How to split a string at every Nth occurrence of a character in Java,java.lang.String.split,,,,,
Replace special chars with regex Java,java.lang.String.replace,java.util.regex.Pattern.quote,,,,
Issues in executing FFmpeg command in Java code in Linux,java.lang.Runtime.exec,,,,,
Java not executing commands in Linux,java.lang.Runtime.exec,,,,,
How to use regex to split a string containing numbers and letters in java,java.lang.String.split,java.lang.String.split,,,,
How to find the count of substring in java,java.lang.String.indexOf,java.lang.String.contains,,,,
JAVA Regular expression to extract string after special characters,java.util.regex.Pattern.quote,,,,,
Binary to Decimal number converter in JAVA,java.lang.Integer.parseInt,,,,,
killing a process in java,java.lang.Thread.interrupt,,,,,
Convert numbers in substring to words in java,java.lang.String.split,,,,,
How to compare two Booleans in Java,java.util.Arrays.deepEquals,java.util.Arrays.equals,,,,
How can I convert a char to int in Java,java.lang.Integer.toString,java.lang.Integer.intValue,,,,
How to split a specific string after in java,java.lang.String.split,,,,,
Convert from java.util.Date to java.sql.Date,java.time.ZonedDateTime.ofInstant,java.util.Date.toInstant,java.sql.Timestamp.getTime,,,
How to split a string with recurrent characters in java,java.lang.String.split,,,,,
java regular Expression for splitting a string,java.lang.String.split,,,,,
java: unable to cast an Integer object to String,java.lang.Integer.valueOf,,,,,
how to extract particular string from a sentence in java,java.lang.String.split,,,,,
Remove Whitespaces ONLY at the end of a String (java),java.lang.String.trim,,,,,
java - check if a substring is present in an arraylist of strings in java,java.lang.Integer.parseInt,,,,,
How Split a string in Java,java.lang.String.split,java.lang.String.split,java.lang.String.split,java.util.Arrays.stream,java.util.stream.Stream.of,
How to split a String without using an array,java.lang.String.split,,,,,
How to convert string to array of substrings based on the length of substring in java,java.lang.String.split,,,,,
java - find an int digit in a string,java.lang.String.indexOf,java.lang.String.contains,,,,
Java convert individual characters from char array to String array,java.lang.String.split,,,,,
Trying to find whitespaces in String,java.lang.String.matches,,,,,
rounding double to 2 decimal places,java.lang.Math.round,,,,,
Convert int[] to comma-separated string,java.lang.String.split,java.util.Arrays.asList,,,,
How to iterate through a 2D Array with a string of permutations,java.util.ArrayList.get,,,,,
how to split the data using string using java,java.lang.String.split,,,,,
Remove character by index in Java,java.lang.Character.toString,java.lang.String.charAt,,,,
How to reverse a String converting int to String,java.lang.Integer.intValue,,,,,
How split string to array (java),java.lang.String.split,,,,,
How i convert String to int,java.lang.Integer.toString,java.lang.Integer.intValue,,,,
Find first letter in a string,java.lang.String.indexOf,java.lang.String.contains,,,,
How do we convert the string in to int array in Java,java.lang.Integer.toString,,,,,
Convert set of integers to string in java,java.lang.String.split,,,,,
How do I store a int in a String,java.lang.Integer.toString,,,,,
Convert String in Int,java.lang.Integer.intValue,,,,,
remove all non word characters from the string,java.lang.String.replaceAll,,,,,
how to convert String to boolean in java,java.lang.Integer.intValue,java.math.BigDecimal.doubleValue,java.lang.String.valueOf,,,
How do you convert a string to type integer and type double from user inputs,java.lang.Integer.toString,,,,,
Convert a String to String Array in Android,java.lang.String.split,,,,,
Converting byte array to String Java,java.lang.String.split,,,,,
validate a date format in (mm/yyyy) type in java,java.util.Date.toString,,,,,
Convert java.util.Date to String in yyyy-MM-dd format without creating a lot of objects,java.util.Date.toString,,,,,
how to Split string to character Strings,java.lang.String.split,java.util.Arrays.asList,java.lang.String.split,java.lang.String.split,java.util.Arrays.stream,java.util.stream.Stream.of
Java Regex - escape all special regex characters,java.util.regex.Pattern.quote,,,,,
Java String split with regular expression and escape character,java.util.regex.Pattern.quote,,,,,
Splitting a string in to multiple value,java.lang.String.split,,,,,
How do I convert from ASCII to String,java.lang.Integer.toString,,,,,
How to check integer overflow in Java,java.math.BigInteger.BigInteger,java.lang.Integer.parseInt,,,,
Convert uppercase string to lowercase using charAt,java.lang.String.toLowerCase,java.lang.Character.toLowerCase,,,,
how to split a string with a condition in java,java.lang.String.split,,,,,
Array of strings to a formatted string,java.lang.String.split,,,,,
How to convert a string into an integer array in Java,java.lang.String.split,java.lang.Integer.intValue,java.lang.Integer.valueOf,,,
Last entered char to lower case or upper case,java.lang.String.charAt,java.lang.Character.toUpperCase,,,,
Convert int array to directions,java.lang.Integer.intValue,,,,,
Changing first letter in a String to upper case in Java/Android,java.lang.String.charAt,java.lang.Character.toUpperCase,,,,
Removing all non-digits from string,java.lang.String.replaceAll,,,,,
How to split a String value into a String Array,java.lang.String.split,java.lang.String.split,java.util.Arrays.stream,java.util.stream.Stream.of,,
How to split a string by keywords in Java,java.lang.String.split,,,,,
How to find a specific number in a string Java,java.lang.String.indexOf,java.lang.String.contains,,,,
Converting a hex String to an int in Java,java.lang.Integer.valueOf,,,,,
Check if a class is type of java.lang.Enum,java.lang.Class.isEnum,,,,,
How to use a delimiter to split a string,java.util.List.contains,java.util.Arrays.asList,,,,
How do you escape colon in Properties file,java.util.Properties.store,,,,,
How to iterate through a 2d ArrayList of objects,java.util.ArrayList.get,,,,,
Problem in exchanging the first and last characters of a string in Java,java.lang.String.replace,java.lang.String.substring,,,,
get file owner attributes in Java,java.nio.file.Files.getOwner,,,,,
How to collect DoubleStream to List,java.util.stream.DoubleStream.boxed,java.lang.Double.parseDouble,java.lang.Double.valueOf,java.util.stream.Stream.mapToDouble,,
find if java stream contains null,java.util.stream.Stream.findAny,,,,,
return only files in directory,java.io.File.isFile,,,,,
How to blur a portion of an image in java,java.awt.image.BufferedImage.getSubimage,,,,,
use DecimalFormat to print without scientific notation,java.util.Formatter.syntax,java.lang.String.format,,,,
how to measure time in Java,java.lang.System.nanoTime,,,,,
execute java program,java.lang.Runtime.exec,,,,,
get all files in a directory in Java,java.io.File.list,,,,,
How to determine last element use an iterator,java.util.Iterator.hasNext,,,,,
passing parameters to PreparedStatement,java.sql.PreparedStatement.setString,,,,,
How can I iterate a string from last to first,java.util.List.listIterator,,,,,
How to iterate over an Array fields using reflection,java.lang.reflect.Field.get,,,,,
How to use html style in string with format parameter,java.lang.String.format,,,,,
How to overwrite the old Xerces version that has been loaded in the parent CL,java.lang.Class.forName,,,,,
How to modify the collection while iterating using a for-each loop ,java.util.Iterator.remove,,,,,
How to create random permutation,java.util.Collections.shuffle,,,,,
How to make ArrayList thread safe? Another way to solve problems by Java,java.util.Collections.synchronizedList,,,,,
Grouping elements of a list into lists in java,java.util.stream.Collectors.groupingBy,,,,,
How do I get localized date pattern string in java,java.text.SimpleDateFormat.toLocalizedPattern,java.time.format.DateTimeFormatter.ofLocalizedDate,,,,
16 bit hex string to signed int,java.lang.Integer.parseInt,,,,,
Resolve the ip address of a hostname in java,java.net.InetAddress.getHostAddress,,,,,
toString java of an arrays in java ,java.util.Arrays.toString,,,,,
Concatenate original arrays using separators in Java,java.lang.String.join,,,,,
Group by map list,java.util.stream.Collectors.groupingBy,,,,,
Declared as final in Java,java.lang.String.intern,,,,,
The best way to exit the program,java.lang.System.exit,,,,,
close JFrame,javax.swing.JFrame.setDefaultCloseOperation,,,,,
instantiate a string class,java.lang.reflect.Constructor.newInstance,java.lang.Class.forName,,,,
change to another database,java.sql.Connection.setCatalog,,,,,
shutdown a thread implementing by runnable interface,java.lang.Thread.sleep,java.lang.Thread.interrupted,,,,
reuse application of filter map in the Stream ,java.util.stream.Stream.flatMap,,,,,
use lambda expression to check if element exists,java.util.stream.Stream.anyMatch,,,,,
Instantiate a class t using a constructor that accepts string parameters,java.lang.Class.newInstance,,,,,
JFileChooser changes the default directory in Windows,javax.swing.JFileChooser.setCurrentDirectory,,,,,
check if  an InputStream is empty,java.io.InputStream.available,,,,,
replace part of string using index,java.lang.String.substring,,,,,
negative indexOf,java.lang.String.indexOf,java.lang.String.lastIndexOf,,,,
set property,java.lang.System.setProperty,,,,,
iterate over elements in Hashmap,java.util.HashMap.values,java.util.HashMap.keySet,,,,
ensure order in java8 stream,java.util.stream.Stream.forEachOrdered,java.util.stream.Stream.iterate,java.util.stream.BaseStream.unordered,java.util.stream.Stream.forEach,java.util.stream.Stream.generate,java.util.stream.package-summary.Ordering
get the Timestamp from Calendar,java.util.Calendar.getTime,,,,,
"get the size of an array, a Collection or a String ",java.util.Collection.size,java.lang.String.length,java.util.Map.size,,,
check if internet connection is present,java.net.InetAddress.isReachable,java.net.URL.openConnection,,,,
Add elements to  List while iterat over it.,java.util.List.listIterator,,,,,
fix the unchecked cast warning,java.lang.Class.cast,,,,,
Via reflection  to get string value from a Java field,java.lang.reflect.Field.get,,,,,
In java how to Convert a Stream to an Array,java.util.stream.Stream.toArray,,,,,
hashmap key iteration in java,java.util.Map.keySet,java.util.Map.entrySet,java.util.Map.values,,,
Combine stream of Collections into one Collection,java.util.stream.Stream.flatMap,,,,,
Access non-visible classes by reflecting,java.lang.Class.forName,,,,,
add new System Properties,java.lang.System.setProperty,,,,,
function for arrays like PHP's join() in java,java.lang.String.join,,,,,
Set specific precision of a BigDecimal in java,java.math.BigDecimal.setScale,,,,,
check if string contains '+' character in java,java.lang.String.contains,,,,,
best way to reverse bytes of int in java,java.lang.Integer.reverse,java.lang.Double.doubleToLongBits,java.lang.Float.floatToIntBits,java.lang.Integer.reverseBytes,,
copy of Calendar in java,java.util.Calendar.getInstance,,,,,
Get MAC address on local machine in Java,java.net.NetworkInterface.getHardwareAddress,java.net.NetworkInterface.getNetworkInterfaces,,,,
get the name of a class without the package,java.lang.Class.getSimpleName,,,,,
Create intermediate folders if it doesn't exist in java,java.io.File.mkdir,java.io.File.mkdirs,,,,
how to find neighboring sub-string in a string,java.lang.String.split,,,,,
Java Round up the Number,java.lang.Math.ceil,,,,,
Creating a draw rectangle (filled with black color) function for a grid in java,java.awt.Graphics.fillRect,,,,,
Alternative to successive String.replace,java.lang.StringBuilder.replace,java.lang.String.replace,java.lang.String.regionMatches,,,
Handle passwords  in source code,javax.swing.JPasswordField.getPassword,javax.swing.JPasswordField.getText,,,,
capture System.exit event in java,java.lang.Runtime.addShutdownHook,,,,,
I want to know if I'm on the event dispatch thread,java.lang.Runnable.run,javax.swing.SwingWorker.doInBackground,javax.swing.SwingUtilities.invokeLater,,,
square a double quickly in java,java.lang.Math.pow,,,,,
find time taken to run java program in java,java.lang.System.nanoTime,,,,,
