How do I format a number in Java                                              ,IOException,FileInputStream,FileOutputStream,DecimalFormatSymbols,Number,FileWriter,DecimalFormat,MessageFormat,Locale,ParseException,NumberFormat,GZipOutputStream,Scanner,FileReader
How do I clone a generic List in Java                                         ,ArrayUtils,,,,,,,,,,,,,
Executing Shell script from Java code                                         ,Runtime,ScriptEngineFactory,ScriptEngineManager,Process,,,,,,,,,,
Generating 10 digits unique random number in java                             ,IntStream,DigestUtils,InputStream,FileInputStream,SecureRandom,,,,,,,,,
Load a resource in Jar                                                        ,Enumeration,ResourceBundle,,,,,,,,,,,,
Running a Command Prompt from a Java program in Windows                       ,Runtime,Process,,,,,,,,,,,,
How can I iterate over a string in Java                                       ,StringCharacterIterator,CharacterIterator,,,,,,,,,,,,
Get all methods of an Interface or Abstract class using Reflection            ,Class,Method,,,,,,,,,,,,
convert timestamp to date                                                     ,DateFormat,Date,DateTimeFormatter,LocalDate,Calendar,SimpleDateFormat,TimeZone,,,,,,,
Executing a Command from Java and Waiting for the Command to Finish           ,Runtime,Process,,,,,,,,,,,,
Java Byte Array to String to Byte Array                                       ,Deflater,ByteArrayOutputStream,FileInputStream,DeflaterOutputStream,FileOutputStream,,,,,,,,,
Generate random numbers in increments                                         ,IntStream,SecureRandom,,,,,,,,,,,,
Generate Random Number in 2D Array                                            ,IntStream,SecureRandom,,,,,,,,,,,,
How can I calculate the SHA-256 hash of a string in Android                   ,DigestUtils,Period,InputStream,LocalDate,ChronoUnit,,,,,,,,,
Generate Random Integer from Min to Max                                       ,IntStream,SecureRandom,,,,,,,,,,,,
How do I get generate an IP address range given start and end IP address      ,InetAddress,UnknownHostException,,,,,,,,,,,,
Connecting MS SQL database to a Java program                                  ,DriverManager,ResultSet,Connection,Statement,PreparedStatement,,,,,,,,,
Converting Calendar date to string                                            ,DateFormat,Date,DateTimeFormatter,LocalDate,Calendar,SimpleDateFormat,TimeZone,,,,,,,
How do I calculate the difference of two angle measures                       ,Period,LocalDate,ChronoUnit,,,,,,,,,,,
Implementing the equals method in java                                        ,EqualsBuilder,HashCodeBuilder,,,,,,,,,,,,
How can I check each character in a character array                           ,StringCharacterIterator,CharacterIterator,FileSystem,FileSystemProvider,,,,,,,,,,
Load all images from folder in Android                                        ,Dimension,BufferedImage,SwingUtilities,ImageIO,JFrame,,,,,,,,,
How can I find the number of years between two dates                          ,DateFormat,Date,Period,LocalDate,Calendar,Instant,ChronoUnit,SimpleDateFormat,Duration,LocalDateTime,LocalTime,,,
How can I format a number to the fixed locale                                 ,Number,Locale,ParseException,NumberFormat,,,,,,,,,,
append a char to a JTextArea                                                  ,BufferedOutputStream,FileOutputStream,PrintStream,File,,,,,,,,,,
Byte array in java                                                            ,Deflater,ByteArrayOutputStream,FileInputStream,DeflaterOutputStream,FileOutputStream,,,,,,,,,
Print String as Bytes                                                         ,DataInputStream,ByteArrayOutputStream,,,,,,,,,,,,
How to read properties from xml file with java                                ,FileOutputStream,Properties,,,,,,,,,,,,
How do you use math.random to generate random ints                            ,IntStream,SecureRandom,,,,,,,,,,,,
Find angle of a point from center of circle                                   ,FontMetrics,Graphics2D,Dimension,Graphics,BorderLayout,JFrame,,,,,,,,
Generating a random double number of a certain range in Java                  ,IntStream,DigestUtils,InputStream,FileInputStream,SecureRandom,,,,,,,,,
How can I read comments from a Zip file                                       ,Document,ZipEntry,ZipFile,Enumeration,Comment,Element,,,,,,,,
Convert String from a XML to Java Code                                        ,JAXBException,JAXBContext,Marshaller,File,,,,,,,,,,
How to run a mvn command from a java program                                  ,Runtime,Process,,,,,,,,,,,,
firing a command in terminal from java program                                ,Runtime,Process,,,,,,,,,,,,
How do I count the number of words in a text using regex                      ,Matcher,Pattern,,,,,,,,,,,,
How do I count the number of words in a string                                ,Matcher,CharacterIterator,Pattern,StringCharacterIterator,,,,,,,,,,
How do I convert a number to a letter in Java                                 ,DateFormat,Date,DateTimeFormatter,LocalDate,Number,Calendar,SimpleDateFormat,DecimalFormat,Locale,ParseException,NumberFormat,,,
How can I convert string to double in Java Servlet                            ,DateFormat,Date,DateTimeFormatter,LocalDate,HttpSessionBindingListener,Calendar,SimpleDateFormat,HttpSession,,,,,,
How to run linux command from java code                                       ,Runtime,Process,,,,,,,,,,,,
Executing multiple command shell from java                                    ,FileLock,Process,FileChannel,Runtime,RandomAccessFile,,,,,,,,,
How to add an element to Array and shift indexes                              ,DocumentBuilder,Document,Element,,,,,,,,,,,
Execute a linux terminal command in java                                      ,Runtime,Process,,,,,,,,,,,,
Convert millisecond String to Date in Java                                    ,DateFormat,Date,DateTimeFormatter,LocalDate,Calendar,SimpleDateFormat,TimeZone,,,,,,,
Uncompress a GZIP string in Java                                              ,GZipFile,FileInputStream,FileOutputStream,GZipOutputStream,,,,,,,,,,
How can I check if a value is of type Integer                                 ,DateFormat,DosFileAttributes,Files,SimpleDateFormat,,,,,,,,,,
How do I reverse the numbers in a string                                      ,Arrays,List,Collections,,,,,,,,,,,
Insert at a specific index in array                                           ,IndexWriter,TextField,IndexWriterConfig,StringField,Directory,List,StandardAnalyzer,ArrayList,,,,,,
How to run Different commands from Java Code                                  ,OutputStream,ImageWriter,Process,Runtime,FileOutputStream,BufferedImage,JPEGImageWriteParam,ImageIO,ImageOutputStream,,,,,
Running shell script from java code and pass arguments                        ,Object,ScriptEngine,ScriptEngineManager,ScriptException,,,,,,,,,,
How to sort a String array                                                    ,Comparator,HashMap,Map,LinkedHashMap,,,,,,,,,,
How can I get a char array in reverse order                                   ,Arrays,List,Collections,,,,,,,,,,,
Random double Generator for a new position                                    ,ImageIcon,IntStream,Graphics2D,SecureRandom,BufferedImage,AlphaComposite,JLabel,ImageIO,JFrame,,,,,
How to check if a string is numeric                                           ,DateFormat,Connection,DatabaseMetaData,DriverManager,SimpleDateFormat,,,,,,,,,
How do I check if a string contains a list of characters                      ,DateFormat,FileChannel,StringCharacterIterator,SimpleDateFormat,CharacterIterator,SeekableByteChannel,StandardOpenOption,ByteBuffer,,,,,,
How to write contents of an array list to a text file                         ,ObjectOutputStream,PrintStream,Serializable,BufferedImag,BufferedOutputStream,ImageIO,FileOutputStream,File,Graphics,,,,,
How to delete an element from an array                                        ,Transformer,StringReader,DocumentBuilder,Document,StringWriter,StreamResult,TransformerFactory,DOMSource,DocumentBuilderFactory,Element,,,,
loading texture from folder                                                   ,Dimension,BufferedImage,SwingUtilities,ImageIO,JFrame,,,,,,,,,
how to run a command at terminal from java program                            ,Runtime,Process,,,,,,,,,,,,
How to convert TIFF to JPEG/PNG in java                                       ,IIOImage,BufferedImage,ImageWriteParam,ImageWriter,ImageIO,ImageOutputStream,,,,,,,,
How to validate if a string would be a valid java variable                    ,DateFormat,SimpleDateFormat,,,,,,,,,,,,
How to list the files in current directory                                    ,WalkFileTree,SimpleFileVisitor,FindTextFilesVisitor,BasicFileAttributes,Files,,,,,,,,,
How to execute a cmd command using java program                               ,MessageUtil,Result,Process,JUnitCore,Runtime,Failure,,,,,,,,
Convert from one base to another in Java                                      ,DateFormat,Date,DateTimeFormatter,FileInputStream,LocalDate,FileOutputStream,Calendar,SimpleDateFormat,BufferedImage,IOException,,,,
Generating a random number from the array                                     ,IntStream,DigestUtils,InputStream,FileInputStream,SecureRandom,,,,,,,,,
How can I check whether a String is purely letters                            ,FileSystem,DateFormat,FileSystemProvider,SimpleDateFormat,,,,,,,,,,
How to append a byte to a string in Java                                      ,BufferedOutputStream,FileOutputStream,PrintStream,File,,,,,,,,,,
Run Bash from Java Program to Capture Webcam Image on Raspberry Pi            ,MediaLocator,Manager,WindowEvent,WindowAdapter,Player,,,,,,,,,
how to pass parameters from java to a python script                           ,Object,ScriptException,ScriptEngine,ScriptEngineManager,,,,,,,,,,
passing arguments to a c code from java                                       ,Object,ScriptException,ScriptEngine,ScriptEngineManager,,,,,,,,,,
Casting a class using reflection in java                                      ,Class,Method,,,,,,,,,,,,
How do you reverse a string character by character in java                    ,CharacterIterator,Arrays,List,StringCharacterIterator,Collections,,,,,,,,,
Convert hexadecimal string to IP Address                                      ,InetAddress,UnknownHostException,,,,,,,,,,,,
Creating a Java program that locks a file                                     ,FileChannel,Transition,ImageView,FileLock,Interpolator,Duration,RandomAccessFile,File,,,,,,
Generate random objects in Java                                               ,IntStream,SecureRandom,,,,,,,,,,,,
Convert String to SQL Date                                                    ,DateFormat,Date,DateTimeFormatter,LocalDate,Calendar,SimpleDateFormat,TimeZone,,,,,,,
How to convert date in Javascript to Java Date                                ,DateFormat,Date,DateTimeFormatter,LocalDate,Calendar,SimpleDateFormat,TimeZone,,,,,,,
Convert from txt to xml                                                       ,Transformer,Result,JAXBException,DocumentBuilder,Document,StreamSource,Source,JAXBContext,Marshaller,StreamResult,TransformerFactory,File,DocumentBuilderFactory,
Execute source command from Java                                              ,ScriptEngine,Process,FileInputStream,Runtime,InputStreamReader,ScriptEngineManager,,,,,,,,
How do I figure out whether the current time is in between two times          ,Instant,Duration,LocalDateTime,LocalTime,,,,,,,,,,
Dynamically insert an XML Element into a text node                            ,DocumentBuilder,Document,Element,,,,,,,,,,,
How do I find the second to last character of a string                        ,StringCharacterIterator,CharacterIterator,StringBuilder,MessageDigest,,,,,,,,,,
Check if date String contains a year                                          ,DateFormat,Date,DateTimeFormatter,LocalDate,Calendar,SimpleDateFormat,,,,,,,,
How to simulate a real mouse click using java                                 ,InputEvent,Robot,,,,,,,,,,,,
Java: Sorting text file lines                                                 ,PrintStream,Reader,LineNumberReader,BufferedOutputStream,FileOutputStream,File,,,,,,,,
Executing a native DOS command from a Java application                        ,Desktop,Runtime,File,Process,,,,,,,,,,
Java Array of unique randomly generated integers                              ,IntStream,KeyGenerator,SecretKeySpec,SecretKey,SecureRandom,,,,,,,,,
How do I delete an element from an array of objects                           ,Transformer,StringReader,DocumentBuilder,Document,EntityManager,EntityManagerFactory,StringWriter,EntityNotFoundException,StreamResult,TransformerFactory,DOMSource,DocumentBuilderFactory,,
Generating random numbers inside an array                                     ,IntStream,DigestUtils,InputStream,FileInputStream,SecureRandom,,,,,,,,,
cannot connect to mssql server from java jdbc                                 ,DriverManager,Connection,,,,,,,,,,,,
Convert epoch String to Java date                                             ,DateFormat,Date,DateTimeFormatter,LocalDate,Calendar,SimpleDateFormat,TimeZone,,,,,,,
Reading a line from a text file Java                                          ,BufferedReader,FileReader,,,,,,,,,,,,
How to write a parsed XML file into another file in Java                      ,Transformer,Result,DocumentBuilder,Document,StreamSource,FileOutputStream,Source,ObjectOutputStream,Serializable,StreamResult,TransformerFactory,DocumentBuilderFactory,,
How can I get an address of a List                                            ,DateFormatSymbols,SocketException,NetworkInterface,String,InetAddress,UnknownHostException,,,,,,,,
Java Read a text file                                                         ,File,BufferedReader,PrintStream,FileSystem,FileOutputStream,BufferedOutputStream,FileSystemProvider,FileReader,,,,,,
inserting data into database using jdbc                                       ,OutputStream,InputStream,DriverManager,FileOutputStream,ResultSet,Connection,PreparedStatement,Blob,,,,,,
Java - how do I check if a string exists in each of the elements of a HashSet ,CharacterIterator,IOException,InputStream,FTPReply,StringCharacterIterator,SocketException,FTPClient,,,,,,,
Execute ADB command from Java program                                         ,Runtime,Process,,,,,,,,,,,,
execute shell command from android                                            ,Runtime,Process,,,,,,,,,,,,
How to append a String to JSON String in java                                 ,BufferedOutputStream,StringReader,FileOutputStream,JsonReader,JsonObject,JsonArray,PrintStream,JsonValue,File,,,,,
How do I convert int into char[] to display time                              ,DateFormat,Date,HashMap,DateTimeFormatter,LocalDate,Calendar,SimpleDateFormat,Map,Timer,Runnable,Random,,,
java capturing webcam images macbook                                          ,WindowAdapter,Matcher,Player,MediaLocator,Pattern,WindowEvent,Manager,,,,,,,
Execute a command using ProcessBuilder from windows                           ,MessageUtil,Result,Process,JUnitCore,Runtime,Failure,,,,,,,,
How do I split a paragraph into sentences                                     ,String,Locale,BreakIterator,,,,,,,,,,,
How to extract date and time from a String Timestamp in java                  ,ZipEntry,ZipInputStream,LocalDate,CheckedInputStream,LocalDateTime,LocalTime,CRC32,,,,,,,
How to check if a string is a valid integer                                   ,DateFormat,SimpleDateFormat,,,,,,,,,,,,
How to connect ORACLE DB                                                      ,DriverManager,ResultSet,Connection,Statement,PreparedStatement,,,,,,,,,
how to convert comma separated string to list of strings in java              ,FileWriter,Scanner,FileReader,,,,,,,,,,,
Reversing the order of a string                                               ,Arrays,List,Collections,,,,,,,,,,,
Converting String to Date                                                     ,DateFormat,Date,DateTimeFormatter,LocalDate,Calendar,SimpleDateFormat,TimeZone,,,,,,,
Executing terminal command from java                                          ,Runtime,Process,,,,,,,,,,,,
remove elements from XML file in java                                         ,Transformer,StreamResult,StringReader,DocumentBuilder,Document,NamedNodeMap,StringWriter,DOMSource,TransformerFactory,File,DocumentBuilderFactory,Element,,
How to get the pattern of Number Format of a specific locale                  ,Date,Locale,SimpleDateFormat,,,,,,,,,,,
How to format numbers with leading spaces in Java                             ,NumberFormat,DecimalFormat,,,,,,,,,,,,
How to convert Object as timestamp to formatted date                          ,DateFormat,Date,TimeZone,Locale,SimpleDateFormat,,,,,,,,,
Get files from a zip file                                                     ,OutputStream,ZipEntry,ZipInputStream,FileUtils,ZipFile,FileInputStream,FTPClient,FTPFile,Enumeration,,,,,
How can I get the name of a field in an Object                                ,Signature,SignedObject,KeyPairGenerator,KeyPair,String,DateFormatSymbols,,,,,,,,
How do I convert a large binary String to byte array java                     ,DateFormat,Date,MappedByteBuffer,DateTimeFormatter,FileChannel,LocalDate,RandomAccessFile,Calendar,SimpleDateFormat,,,,,
Get type of array of class using Java reflection                              ,Class,Method,,,,,,,,,,,,
How can i convert timestamp value into date in java                           ,DateFormat,Date,DateTimeFormatter,LocalDate,Calendar,SimpleDateFormat,TimeZone,LocalDateTime,LocalTime,,,,,
How do I convert a unicode-string to a readable string                        ,ImageIcon,DateFormat,Date,DateTimeFormatter,LocalDate,Calendar,SimpleDateFormat,Image,,,,,,
Unable to execute Unix command through Java code                              ,Runtime,Process,,,,,,,,,,,,
How to append string dynamically                                              ,BufferedOutputStream,FileOutputStream,PrintStream,File,,,,,,,,,,
How to convert zip file into bytes in Java                                    ,DataInputStream,ByteArrayOutputStream,FileInputStream,DeflaterOutputStream,FileOutputStream,,,,,,,,,
Converting char to string                                                     ,StringBuilder,DateFormat,Date,MessageDigest,DateTimeFormatter,LocalDate,Calendar,SimpleDateFormat,,,,,,
Connect Servlet to MySQL database in eclipse                                  ,Connection,Statement,PreparedStatement,DriverManager,ResultSet,,,,,,,,,
How can I validate if a string is a string and not an integer in java         ,DateFormat,IntStream,SimpleDateFormat,SecureRandom,,,,,,,,,,
Writing a string to file as a byte in Java                                    ,DataInputStream,ByteArrayOutputStream,FileInputStream,DeflaterOutputStream,FileOutputStream,,,,,,,,,
Unable to send parameters to bash script from java                            ,Object,ScriptException,ScriptEngine,ScriptEngineManager,,,,,,,,,,
Center a string on a line of a specific number of characters                  ,FontMetrics,Graphics2D,Dimension,Graphics,BorderLayout,JFrame,,,,,,,,
How do you convert a java String to a mailing address object                  ,DateFormat,Date,DateTimeFormatter,LocalDate,Calendar,UnknownHostException,SimpleDateFormat,InetAddress,,,,,,
Executing terminal commands from java                                         ,Process,IOException,Runtime,FTPClient,FTPCmd,,,,,,,,,
How would you convert each int element of a 2D Array into a String            ,Transformer,StringCharacterIterator,Document,InputSource,CharacterIterator,StringWriter,TransformerFactory,DocumentBuilderFactory,Element,,,,,
Load font file from resources folder                                          ,Font,InputStream,,,,,,,,,,,,
Running a Bash Command in different directory from a java program             ,OutputStream,ImageWriter,Process,Runtime,FileOutputStream,BufferedImage,JPEGImageWriteParam,ImageIO,ImageOutputStream,,,,,
How do I reverse a String array                                               ,Arrays,List,Collections,,,,,,,,,,,
How to Sort a HashTable                                                       ,Comparator,HashMap,Map,LinkedHashMap,,,,,,,,,,
Execute Jar from Java code                                                    ,Runtime,Process,,,,,,,,,,,,
Adding elements to an array java                                              ,Transformer,StAXResult,DocumentBuilder,Document,XMLOutputFactory,XMLStreamWriter,DOMSource,TransformerFactory,Element,,,,,
Java generation a random number in a specific range                           ,IntStream,ScriptEngine,Invocable,ScriptEngineManager,SecureRandom,,,,,,,,,
How do I check if one string contains characters from another string          ,DateFormat,SeekableByteChannel,StandardOpenOption,FileChannel,SimpleDateFormat,ByteBuffer,,,,,,,,
How to pass argument to shell script file from servlet                        ,ScriptEngineFactory,Object,ScriptEngine,ScriptEngineManager,ScriptException,,,,,,,,,
How to do type conversion by string                                           ,StringBuilder,DateFormat,Date,MessageDigest,DateTimeFormatter,LocalDate,Calendar,SimpleDateFormat,,,,,,
Appending values in a string in java                                          ,Comparator,HashMap,BufferedOutputStream,FileOutputStream,Map,PrintStream,LinkedHashMap,File,,,,,,
How do I run execute commands from a file                                     ,Process,Runtime,ScriptEngine,Reader,File,ScriptEngineManager,FileReader,,,,,,,
Executing PowerShell Commands in Java Program                                 ,Process,IOException,Runtime,FTPClient,FTPCmd,,,,,,,,,
Looping with a random number generator in Java                                ,IntStream,Timer,HashMap,Runnable,Random,Map,SecureRandom,,,,,,,
How do you check if a string is a palindrome in java                          ,FileSystem,DateFormat,FileSystemProvider,SimpleDateFormat,,,,,,,,,,
Need java Regex to remove/replace the XML elements from specific string       ,Transformer,Document,StringWriter,TransformerFactory,DocumentBuilderFactory,Element,,,,,,,,
Generating several random double numbers in java                              ,IntStream,DigestUtils,InputStream,FileInputStream,SecureRandom,,,,,,,,,
make a word centered in a line in java                                        ,FontMetrics,Graphics2D,AffineTransform,Dimension,Graphics,BufferedImage,BorderLayout,AffineTransformOp,ImageIO,JFrame,,,,
Loading resource files within a jar                                           ,Enumeration,ResourceBundle,,,,,,,,,,,,
How do you check if a string is not equal to an object                        ,BufferedInputStream,DateFormat,SimpleDateFormat,IOException,,,,,,,,,,
How do I reverse the order of only the digits in a string                     ,Arrays,List,Collections,,,,,,,,,,,
How to convert datetime to String in java                                     ,DateFormat,Date,DateTimeFormatter,LocalDate,Calendar,SimpleDateFormat,TimeZone,,,,,,,
How to compare each line of a text File? java                                 ,Reader,LineNumberReader,,,,,,,,,,,,
How to generate a random integer using math.random class                      ,IntStream,SecureRandom,,,,,,,,,,,,
Separating comma separated values in a string                                 ,FileWriter,Scanner,FileReader,,,,,,,,,,,
How to change directory in java                                               ,AccessController,FilePermission,WatchService,StandardWatchEventKinds,WatchKey,WatchEvent,Path,,,,,,,
Java - generating 3 random numbers                                            ,IntStream,DigestUtils,InputStream,FileInputStream,SecureRandom,,,,,,,,,
How to Convert String to LocalDateTime                                        ,DateFormat,Date,DateTimeFormatter,LocalDate,Calendar,SimpleDateFormat,TimeZone,,,,,,,
Converting String to byte from XML file                                       ,JAXBContext,Marshaller,JAXBException,FileInputStream,DeflaterOutputStream,FileOutputStream,File,,,,,,,
How to invoke cmd commands in from a Java program in Windows                  ,InvocationTargetException,IllegalAccessException,Object,Process,Runtime,Method,Class,,,,,,,
Play audio files in Java                                                      ,BufferedInputStream,MidiSystem,Sequencer,,,,,,,,,,,
Do adding objects to an ArrayList clone                                       ,ArrayUtils,,,,,,,,,,,,,
How do i sort an array of strings by the second char of each string           ,CharacterIterator,Comparator,LinkedHashMap,HashMap,StringCharacterIterator,Map,,,,,,,,
How do I compare two numeric string in Java                                   ,DateFormat,Date,Connection,DatabaseMetaData,DriverManager,Calendar,SimpleDateFormat,,,,,,,
text file read in java to an object array                                     ,Signature,ObjectOutputStream,SignedObject,KeyPairGenerator,Serializable,KeyPair,FileOutputStream,,,,,,,
Get Byte Values as String                                                     ,DataInputStream,ByteArrayOutputStream,Comparator,LinkedHashMap,HashMap,Map,,,,,,,,
Loading Images from resource or different folders                             ,BufferedImage,Graphics2D,SwingUtilities,ImageIO,Dimension,JFrame,,,,,,,,
Parse a date from a string                                                    ,LocalDate,LocalDateTime,LocalTime,,,,,,,,,,,
How do I convert a JTextField string to a double                              ,DateFormat,Date,DateTimeFormatter,LocalDate,Calendar,SimpleDateFormat,,,,,,,,
Class array in constructor with reflection                                    ,Class,Method,,,,,,,,,,,,
Generate a random integer with a specified number of digits Java              ,IntStream,SecureRandom,,,,,,,,,,,,
Append to a certain part of a text file in Java                               ,BufferedOutputStream,FileOutputStream,PrintStream,File,,,,,,,,,,
Computer Graphics: Rotating a polygon                                         ,Shape,Rectangle,AffineTransform,,,,,,,,,,,
Executing Python script from Java - Issues with parameter passing             ,Object,ScriptEngine,ScriptEngineManager,ScriptException,,,,,,,,,,
Randomly generated number array                                               ,IntStream,KeyGenerator,SecretKeySpec,SecretKey,SecureRandom,,,,,,,,,
java code to execute commands                                                 ,Runtime,Process,,,,,,,,,,,,
Read two Line from Text file and put them in a string                         ,BufferedReader,FileReader,,,,,,,,,,,,
Java Copying to Clipboard                                                     ,FormData,Clipboard,TextTransfer,,,,,,,,,,,
Randomly Generate specific numbers                                            ,IntStream,KeyPairGenerator,KeyPair,PublicKey,PrivateKey,SecureRandom,,,,,,,,
How do you check if a given sentence is avoiding a certain letter in java     ,BreakIterator,DateFormat,Locale,SimpleDateFormat,,,,,,,,,,
Convert comma-separated string to list of variables                           ,FileWriter,Scanner,FileReader,,,,,,,,,,,
How do I use String.format to display value with leading space                ,NumberFormat,DecimalFormat,,,,,,,,,,,,
How to print out all substrings of a string                                   ,VBox,HBox,TextArea,Stage,Application,Label,PrinterJob,Button,Scene,,,,,
How to get an integer at a specified position in a string of integers         ,ImageIcon,ImageIO,Graphics2D,BufferedImage,AlphaComposite,List,JLabel,JFrame,ArrayList,,,,,
How do I check if a string contains keywords                                  ,DateFormat,MessageFormat,Locale,SimpleDateFormat,,,,,,,,,,
Copy a file to clipboard                                                      ,FormData,Clipboard,TextTransfer,FileInputStream,FileOutputStream,,,,,,,,,
Math.random generates same number                                             ,IntStream,Timer,HashMap,Runnable,Random,Map,SecureRandom,,,,,,,
Execute commands in CMD on Windows with Java code                             ,Runtime,Process,,,,,,,,,,,,
Generating a random integer with non-uniform distribution                     ,IntStream,SecureRandom,,,,,,,,,,,,
How do I check if an int is a decimal                                         ,DateFormat,BufferedWriter,SimpleDateFormat,BufferedReader,,,,,,,,,,
How can I print the elements of 3 different String Arrays in a certain order  ,Arrays,List,Collections,,,,,,,,,,,
Error of connection to the MS SQL server                                      ,Connection,XMLReaderFactory,XMLReader,DriverManager,DefaultHandler,,,,,,,,,
How to update a string on each iteration of for loop                          ,StringCharacterIterator,CharacterIterator,StringBuilder,MessageDigest,,,,,,,,,,
Java String to Date                                                           ,DateFormat,Date,DateTimeFormatter,LocalDate,Calendar,SimpleDateFormat,TimeZone,,,,,,,
How do you split a word in Java                                               ,Signature,SignedObject,KeyPairGenerator,String,Locale,KeyPair,BreakIterator,,,,,,,
How do I call a variable in another method                                    ,Invocable,ScriptEngine,ArrayUtils,ScriptEngineManager,,,,,,,,,,
SED Command not executing through JAVA code                                   ,Runtime,Process,,,,,,,,,,,,
Issue connecting to SQL Server 2012 with JDBC                                 ,DriverManager,Connection,,,,,,,,,,,,
Calling method in an element of a object array                                ,Signature,InvocationTargetException,IllegalAccessException,SignedObject,KeyPairGenerator,Object,KeyPair,Class,Method,,,,,
Load resource in a jar file Java Spring                                       ,Enumeration,ResourceBundle,,,,,,,,,,,,
Writing a method to return the string inside an object in Java                ,ObjectOutputStream,CallableStatement,Connection,Serializable,DriverManager,FileOutputStream,ResultSet,,,,,,,
Date changing from one format to another format                               ,FileInputStream,FileOutputStream,FileWriter,BufferedImage,IOException,Scanner,FileReader,,,,,,,
How do i reverse each character in a string                                   ,CharacterIterator,Arrays,List,StringCharacterIterator,Collections,,,,,,,,,
How to connect to mysql through jdbc                                          ,Connection,PreparedStatement,DriverManager,,,,,,,,,,,
Append String Array to a single string                                        ,BufferedOutputStream,FileOutputStream,PrintStream,File,,,,,,,,,,
Java ArrayList to Javascript Array                                            ,ScriptEngine,ScriptEngineManager,FileReader,,,,,,,,,,,
How to replace a number from a text which is not appended to a string         ,Transformer,BufferedOutputStream,FileOutputStream,Document,PrintStream,StringWriter,TransformerFactory,File,DocumentBuilderFactory,Element,,,,
Array with random integers                                                    ,IntStream,Timer,HashMap,Runnable,Random,Map,SecureRandom,,,,,,,
How do I check if a string is in this format MM-YY in Java                    ,DateFormat,IOException,Scanner,FileReader,SimpleDateFormat,FileWriter,,,,,,,,
Java issue within connection to Microsoft SQL Server                          ,DriverManager,Connection,,,,,,,,,,,,
java random number generator without arrays                                   ,IntStream,Timer,HashMap,Runnable,Random,Map,SecureRandom,,,,,,,
Generate random integer in range multiple of another integer in Java          ,IntStream,SecureRandom,,,,,,,,,,,,
How do I create a BLOB object by Java without connection to database          ,ServerAddress,DriverManager,Connection,BasicDBObject,MongoClient,DBCollection,Properties,,,,,,,
How to change number length format                                            ,DecimalFormat,Locale,DecimalFormatSymbols,,,,,,,,,,,
How to read integers on file with java using Buffered Reader                  ,FileSystem,BufferedReader,BufferedWriter,FileSystemProvider,,,,,,,,,,
How to append string to a text file,FileWriter,BufferedWriter,,,,,,,,,,,,
How do I save a string to a text file using java?,PrintWriter,FileWriter,FileUtils,,,,,,,,,,,
Zip a file in java by byte,Zip,ZipEntry,ZipOutputString,DeflaterOutputStream,,,,,,,,,,
How to check if a file is readable?,File,Image,,,,,,,,,,,,
How to draw a Pie Chart,Graphics2D,PieChart,,,,,,,,,,,,
How to place and center text in a rectangle,BorderLayout,LayoutResult,Center,Rectangle,,,,,,,,,,
New a timer in Java,Timer,Thread,,,,,,,,,,,,
Convert an XML file to CSV file using java,FileReader,XMLReader,XMLReaderFactory,IOException,,,,,,,,,,
how to gray out red color for an image with filter,BufferedImage,Image,,,,,,,,,,,,
Flip an image upside-down,BufferedImage,AffineTransform,,,,,,,,,,,,
Merge an image over another in the specified position and save it as a new image,ImageIcon,BufferedImage,,,,,,,,,,,,
How to Download an image from server to client,InputStream,,,,,,,,,,,,,
Insert images in mongoDB,MongoClient,,,,,,,,,,,,,
How to Print Text out,PrintJob,,,,,,,,,,,,,
Add Background image to JPane,JFrame,,,,,,,,,,,,,
Create a modal progress dialog,JFrame,JDialog,,,,,,,,,,,,
Draw a transparent shape using a Graphics,RenderingHints,,,,,,,,,,,,,
How do I calculate difference between two dates?,ChronoUnit,Period,,,,,,,,,,,,
Write two Chinese characters and read them back,InputStreamReader,FileInputStream,,,,,,,,,,,,
