I need help comparing files in a directory recursively to find duplicates,Files,WalkFileTree,BasicFileAttributes,,,,,,,
Java generate secure certificate,KeyPairGenerator,SecureRandom,KeyPair,PrivateKey,PublicKey,,,,,
Set last modified timestamp of a file using jimfs in Java,Files,FileTime,Path,,,,,,,
Java: reverse sorting without keeping the order,Collections,List,Arrays,,,,,,,
Android - HTTP GET on separate thread,HttpGet,HttpClient,HttpResponse,,,,,,,
Can't remove entity with JPA,EntityManager,,,,,,,,,
How do I add a new Currency to java.util.Currency for an existing country code in Java 7?,Currency,,,,,,,,,
Creating an XML document using Java,JAXBContext,Marshaller,File,JAXBException,,,,,,
Compare two dates in Java,SimpleDateFormat,Calendar,DateFormat,Date,,,,,,
Converting date-string to a different format,DateFormat,Date,,,,,,,,
How to move something on screen without other picture staying there,BufferedImage,Graphics,,,,,,,,
How to create a directory on a server machine using Java socket of a client machine?,ServerSocket,Socket,BufferedWriter,,,,,,,
How can I load an image and write text to it using Java?,FileOutputStream,ImageIO,BufferedImage,ByteArrayOutputStream,,,,,,
Add new node in XML file,Document,Element,DocumentBuilder,,,,,,,
How to serialize Object to JSON?,JsonObject,,,,,,,,,
Read JSON array in Java,JsonObject,JsonArray,,,,,,,,
Is there any way to turn a JPanel into an Image?,BufferedImage,ImageIO,,,,,,,,
Javamail problem: cannot send mails through SMTP after checking mails with POP3,Session,Store,Folder,Message,,,,,,
Can't get all email headers with .getAllHeaders() method,Header,Message,,,,,,,,
Add paragraphe in each page - PDF in Java with itext,PdfWriter,Document,,,,,,,,
Add watermark to pdf java iText,PdfReader,PdfStamper,,,,,,,,
iText 7.0.5: How to combine PDF and have existing bookmarks indented under new bookmarks for each document?,PdfOutline,,,,,,,,,
How do you Programmatically Download a Webpage in Java,URL,BufferedReader,BufferedWriter,MalformedURLException,InputStreamReader,,,,,
Getting the IP address of the current machine using Java,InetAddress,,,,,,,,,
How to get an object identifier for a hash algorithm name in Java,Provider,Security,,,,,,,,
How can I change the date format in Java?,Locale,SimpleDateFormat,Date,,,,,,,
Java localizing number formatting,Number,Locale,NumberFormat,ParseException,,,,,,
How do I execute a stored procedure without parameters in JDBC?,CallableStatement,,,,,,,,,
how to delete file from ftp server using java?,FTPClient,IOException,,,,,,,,
retrieving list of files from SFTP server in java,FTPClient,FTPFile,FileUtils,,,,,,,
Apache POI. Copying sheets,HSSFWorkbook,HSSFSheet,HSSFCell,,,,,,,
Animating multiple images using Java,Robot,ImageWriter,ImageIO,ImageOutputStream,,,,,,
Trouble reading data from sql database using java,Connection,Statement,ResultSet,DriverManager,,,,,,
Lucene - Creating an Index using FSDirectory,Directory,IndexWriterConfig,IndexWriter,StandardAnalyzer,StringField,TextField,,,,
Comparing content with file in Java,File,FileInputStream,,,,,,,,
Add XML comments into marshaled file,Document,Element,Comment,TransformerFactory,DocumentBuilderFactory,,,,,
How do file-systems implement sector-locking?,FileChannel,FileLock,RandomAccessFile,File,,,,,,
Filtering Java comments using StreamTokenizer,FileReader,StreamTokenizer,,,,,,,,
postorder traverse of a dom tree,Document,DocumentBuilder,DocumentBuilderFactory,,,,,,,
Using Java to remove all xml attributes from a XML file that match a attribute-name?,Document,NamedNodeMap,DocumentBuilderFactory,Element,File,,,,,
Java FTPClient does not transfer the whole file,FTPClient,FTPFile,IOException,,,,,,,
How to convert .jpeg image to .jif in java? (Exif TO JFIF),BufferedImage,,,,,,,,,
How to convert a string to date with UTC/GMT timezone,SimpleDateFormat,Date,TimeZone,,,,,,,
Convert string to appropriate date with timezone java,SimpleDateFormat,DateFormat,TimeZone,Date,,,,,,
How do I get localized date pattern string?,Locale,Date,SimpleDateFormat,,,,,,,
Call external javascript functions from java code,InputStreamReader,FileInputStream,ScriptEngineManager,ScriptEngine,Invocable,,,,,
Currency symbol with another number format,Locale,DecimalFormat,NumberFormat,DecimalFormatSymbols,,,,,,
How do format a phone number as a String in Java?,MessageFormat,,,,,,,,,
How can I set date and time formatting in Java that respects the user's OS settings,Date,,,,,,,,,
Fastest way to tell if a string is a valid date,SimpleDateFormat,DateFormat ,,,,,,,,
Java: Keeping leading zeros while reading and formatting a text file,NumberFormat,,,,,,,,,
how to create a URL object using an InetAddress object in Java?,URL,InputStreamReader,BufferedReader,,,,,,,
How do I count the number of times I ping a host in JSP?,InetAddress,,,,,,,,,
How can I change the date format in Java?,Locale,SimpleDateFormat,Date,,,,,,,
How to avoid concurrent execution of a time-consuming task without blocking?,BlockingQueue,LinkedBlockingDeque,ThreadPoolExecutor,AtomicBoolean,TimeUnit,,,,,
JPanel titled border with tooltip text for the title,JPanel,JButton,,,,,,,,
How to make 3D rounded corner JLabel in Java?,JLabel,,,,,,,,,
JProgressBar Dialog,JFrame,JLabel,JDialog,JProgressBar,,,,,,
How To Create a Pop Up Menu with Sub Menu in Java,JPopupMenu,JMenu,,,,,,,,
Comparing 2 text files with different content in java (for each lines in text1 need to compare to each line in text2),LineNumberReader,,,,,,,,,
Reading and displaying data from a .txt file,FileReader,BufferedReader,,,,,,,,
Can't connect to SQL Server using jTDS,Connection,DriverManager,,,,,,,,
getting the difference between date in days in java,LocalDate,ChronoUnit,,,,,,,,
Java App : Unable to read iso-8859-1 encoded file correctly,BufferedReader,InputStreamReader,FileInputStream,,,,,,,
Java file locking on a network,FileLock,,,,,,,,,
java xml remove item,DocumentBuilderFactory,DocumentBuilder,StringReader,Document,TransformerFactory,Transformer,StringWriter,DOMSource,StreamResult,
Cut out image in shape of text,BufferedImage,Graphics2D,FontRenderContext,Font,GlyphVector,Shape,,,,
scanning an image for a certain pixel color in java,BufferedImage,ImageIO,,,,,,,,
Setting jpg compression level with ImageIO in Java,BufferedImage,ImageIO,OutputStream,FileOutputStream,ImageWriter,ImageOutputStream,JPEGImageWriteParam,,,
How to change the image type of a BufferedImage which is loaded from file?,BufferedImage,ImageIO,,,,,,,,
how to make image from some some other images in java,BufferedImage,ImageIO,Graphics2D,,,,,,,
How to insert images in mongoDB using java?,FileInputStream,FileInputStream,MongoClient,DB,GridFS,GridFSInputFile,GridFSDBFile,FileOutputStream,,
How to get error's line number while validating a XML file against a XML schema,XMLReader,XMLReaderFactory,DefaultHandler,,,,,,,
Convert an XML file to CSV file using java,DocumentBuilderFactory,DocumentBuilder,Document,StreamSource,Transformer,TransformerFactory,Source,Result,StreamResult,
count xml nodes under specific node,XPath,XPathFactory,InputSource,FileInputStream,,,,,,
Weird behaviour of Java XPath resolver for documents with namespaces,DocumentBuilderFactory,DocumentBuilder,Document,XPath,XPathFactory,XPathExpression,XPathConstants,,,
Modify attributes in xml file,DocumentBuilderFactory,Document,TransformerFactory,Transformer,DOMSource,StreamResult,,,,
Replacing Elements in a XML document with String in Java,Document,DocumentBuilderFactory,Element,TransformerFactory,Transformer,,,,,
JavaFx: How to implement dynamic Gridpane?,Application,TextField,ObservableValue,Platform,GridPane,Color,Font,,,
How do I copy an object in Java?,Cloneable,Serializable,ObjectOutputStream,,,,,,,
Java scripting API fails to retrieve engine by name,ScriptEngineFactory,,,,,,,,,
Pass parameter to JavaScript through Java code,ScriptEngineManager,ScriptEngine,,,,,,,,
How to check write permissions of a directory in java?,AccessController,FilePermission,,,,,,,,
how to get element by attribute using dom parser in java,DOMParser,Document,NodeList,NamedNodeMap,,,,,,
groupCount() in java.util.regex.Matcher always returns 0,Pattern,Matcher,,,,,,,,
How can I lock a file using java (if possible),File,FileChannel,FileLock,,,,,,,
Copy/extract directory from resources inside Jar file,InputStream,OutputStream,,,,,,,,
"Files, URIs, and URLs conflicting in Java",File,,,,,,,,,
Set background image in JEditorPane from local file,JFrame,Dimension,,,,,,,,
xml dom parser find tag by name in java,DocumentBuilderFactory,DocumentBuilder,XPathFactory,XPath,XPathExpression,,,,,
java Get the list or name of all attributes in a XML element,DocumentBuilderFactory,Document,,,,,,,,
How to store data in two tables,String,Connection,PreparedStatement,,,,,,,
connect to Sqlite database using java,DriverManager,,,,,,,,,
Encrypt and Decrypt in Java,Provider,Security,,,,,,,,
In Java how do I change or set a default printer,Desktop,File,,,,,,,,
"Is there any way to turn on/off Num, Caps and Scroll Lock lights?",Toolkit,KeyEvent,,,,,,,,
Draw a triangle using mouse drag (how can I move the previous drawn triangle using mouse drag),Color,Point,,,,,,,,
Java reflection create instance of unknown class and constructor,Class,Method,,,,,,,,
running a subset of JUnit @Test methods,Result,JUnitCore,,,,,,,,
java adding cdata to xml string,Element,CDATASection,Document,DocumentBuilderFactory,,,,,,
parsing XML file in java using SAX parser,SAXParserFactory,SAXParser,DefaultHandler,,,,,,,
Read XML String using StAX,XMLStreamReader,XMLInputFactory,XMLStreamConstants,,,,,,,
How do I set the folder for storing file uploads using Commons FileUpload,ServletFileUpload,FileItemFactory,FileItem,,,,,,,
iText - add content to existing PDF file,PdfReader,PdfStamper,PdfContentByte,,,,,,,
Writing image into pdf file in java,PdfWriter,Image,,,,,,,,
Java: use clipboard to copy-paste java objects between different instances of same application,Clipboard,,,,,,,,,
How to check if a file/directory is a protected OS file?,Paths,Path,FileSystem,,,,,,,
Http Basic Authentication in Java using HttpClient?,HttpClient,Credentials,AuthScope,,,,,,,
How to read file from ZIP using InputStream?,FileInputStream,ZipInputStream,ZipEntry,OutputStream,,,,,,
Java PrintJob to DocPrintJob Not Working?,DocFlavor,PrintService,DocPrintJob,Doc,PrintRequestAttributeSet,,,,,
Java get image extension/type using BufferedImage from URL,ImageInputStream,ImageIO,ImageReader,,,,,,,
JCE - how to find the active Cryptographic Service Provider(s),Security,Provider,,,,,,,,
Binary search in a sorted (memory-mapped ?) file in Java,Closeable,MappedByteBuffer,RandomAccessFile,FileChannel,,,,,,
How to write java.util.Properties to XML with sorted keys?,Properties,FileOutputStream,,,,,,,,
how to zip a folder itself using java,ZipOutputStream,ZipEntry,FileOutputStream,FileInputStream,,,,,,
Java: Zip file with non-static filename,ZipOutputStream,ZipEntry,FileOutputStream,FileInputStream,,,,,,
How to insert an object in an ArrayList at a specific position,List,ArrayList,,,,,,,,
How to compress a .zip to a .gz in java?,FileInputStream,FileOutputStream,GZipOutputStream,,,,,,,
How to parse/format dates with LocalDateTime? (Java 8),LocalDate,LocalTime,LocalDateTime,,,,,,,
Mongodb database is not created,MongoClient,ServerAddress,DBCollection,BasicDBObject,,,,,,
How do I send an HTML email?,Properties,Session,Message,MimeMessage,InternetAddress,,,,,
Java: reading strings from a random access file with buffered input,FileChannel ByteBuffer StandardOpenOption,,,,,,,,,
creating a database in mysql from java,DriverManager,PreparedStatement,Connection,,,,,,,
Getting a File's MD5 Checksum in Java,DigestUtils,InputStream,FileInputStream,,,,,,,
Apache Commons equals/hashCode builder,HashCodeBuilder,EqualsBuilder,,,,,,,,
HashCodeBuilder and EqualsBuilder usage style,HashCodeBuilder,EqualsBuilder,,,,,,,,
What is HashCodeBuilder and EqualsBuilder which is used in overriding the hashcode() and equals() method?,HashCodeBuilder,EqualsBuilder,,,,,,,,
Connect Java to a MySQL database,Properties,DriverManager,Connection,Statement,ResultSet,,,,,
How do I read a properties file and connect a MySQL database?,Properties,DriverManager,Connection,,,,,,,
Get MAC address on local machine with Java,InetAddress,NetworkInterface,SocketException,UnknownHostException,,,,,,
Persistent client-server socket connection in Java,ServerSocket,Socket,,,,,,,,
how to do verify using java.security.Signature,X509EncodedKeySpec,KeyFactory,PublicKey,Signature,,,,,,
Convert a String to InetAddress without DNS lookup,InetAddress,UnknownHostException,,,,,,,,
Is there an easy way to convert String to Inetaddress in Java?,InetAddress,UnknownHostException,,,,,,,,
How to get all table names from a database?,DatabaseMetaData,ResultSet,DriverManager,Connection,,,,,,
Java HttpClient changing content-type?,HttpEntity,ContentType,HttpResponse,HttpClient,,,,,,
What is the default timezone in java.util.Date,TimeZone,,,,,,,,,
Reading a .txt file using Scanner class in Java,FileReader,Scanner,,,,,,,,
Compressing and decompressing large size data in java?,FileInputStream,FileOutputStream,DeflaterOutputStream,,,,,,,
java drawing a circle when mouse clicked,MouseEvent,Color,,,,,,,,
Is there a way to take a screenshot using Java and save it to some sort of image?,Robot,BufferedImage,Rectangle,,,,,,,
Delete Email on Server using javax.mail,Message,Folder,,,,,,,,
