Why does my file not get read correctly when running through ANT,Scanner,InputStreamReader,,,,,,,,,
JavaFX - centered Text in Scene,StackPane,Text,,,,,,,,,
Running a bash shell script in java,Process,Runtime,ProcessBuilder,,,,,,,,
Replace grouping separator of DecimalFormat in formatted value,DecimalFormat,,,,,,,,,,
hashmap and arraylist connected,HashMap,,,,,,,,,,
Java time format for time zone,SimpleDateFormat,DateTimeFormatter,,,,,,,,,
How to execute a Thread for specific number of times,Thread,,,,,,,,,,
"setting a JFrame background, why this doesn't work?",SwingUtilities,EventQueue,,,,,,,,,
JComboBox customize vertical scrollbar,BasicComboBoxUI,,,,,,,,,,
Call Subclasses' Method Depending on Object Type in Java,Parent,Node,,,,,,,,,
Calling stream().reduce() on a list with only one element,Stream,,,,,,,,,,
best way to paginate?,List,,,,,,,,,,
how to find the natural order of a element in XML?,Element,,,,,,,,,,
Why is my download progress bar firing the same event multiple times?,SwingWorker,,,,,,,,,,
mouseEntered will not execute,MouseAdapter,,,,,,,,,,
selection of checkbox or radio button,JTable,TableColumnModel,ItemListener,ActionListener,ItemEvent,TableModel,,,,,
Java: manage multiple processes simultaneously,ExecutorService,Process,,,,,,,,,
Java visibility: final static non-threadsafe collection changes after construction,Collections,,,,,,,,,,
How to make my user/pwd verification with output work,JTextComponent,,,,,,,,,,
Replacing a single character of a string,String,,,,,,,,,,
IllegalArgumentException : Comparison method violates it's general contract,Comparable,,,,,,,,,,
try/catch block not working in actionlistener,Integer,,,,,,,,,,
How to locate the end of the line in regex?,Pattern,,,,,,,,,,
How to use Timestamp constructor,Timestamp,,,,,,,,,,
Java Exception Handling with additional information,Throwable,StackTraceElement,,,,,,,,,
Java 8's Files.lines(): Performance concern for very long line,Scanner,Matcher,,,,,,,,,
Weird behavior of java.util.Set.contains(Object o),HashSet,Object,,,,,,,,,
Skip first few words of a string when counting words in a text file,String,,,,,,,,,,
Why a same JComponent object cannot be displayed when added more than once?,Component,,,,,,,,,,
Determining the hour in daylight saving time,Date,Instant,,,,,,,,,
When is hashcode useful if I am never using hashtable?,Object,,,,,,,,,,
JavaFX load image memory problems,Image,,,,,,,,,,
"Convert Timestamps represent seconds since midnight Coordinated Universal Time (UTC) of January 1, 1970. to Date?",Date,,,,,,,,,,
Fields of java.awt.geom.Rectangle2D?,Rectangle2D.Float,Rectangle2D,,,,,,,,,
"""socket closed"" error when I try to send/receive a jxrpc over a socket stream",Socket,,,,,,,,,,
Select variable with SQLite in Java,PreparedStatement,,,,,,,,,,
java UTF-8 string,URLEncoder,,,,,,,,,,
Error while clearing a list,Arrays,,,,,,,,,,
How to make a JList filling JPanel,JList,ComponentListener,JComponent,Math,,,,,,,
How do I replace chars according to position using an index loop,String,,,,,,,,,,
Java: date difference,Calendar,Month,package-summary,Date,SimpleDateFormat,,,,,,
ConcurrentModification with List<List<>>,ArrayList,,,,,,,,,,
Java Map with multiple keys,Map,MultiMap,,,,,,,,,
Attempting to override existing comparator for PriorityQueue in Java,PriorityQueue,,,,,,,,,,
Sorting Priority Queue in Java,PriorityQueue,,,,,,,,,,
A method declaring a mutable data structure as an output and returning an immutable one actually,Set,,,,,,,,,,
Java regex breaking on quotation-mark-containing string,String,Pattern,,,,,,,,,
instance of CompletableFuture cannot get expected result,CompletableFuture,ForkJoinPool,,,,,,,,,
How to Union List<Date> list1 and List<Date> list2 in Java?,package-summary,Date,Instant,TemporalUnit,ChronoUnit,TreeSet,Set,SortedSet,List,Calendar,SimpleDateFormat
"AffineTransformOp.filter strange behavior when rotating by non 0,90,180,270 degrees",AffineTransform,,,,,,,,,,
Java BufferedImage to ByteArrayOutputStream without close ByteArrayOutputStream,ByteArrayOutputStream,OutputStream,,,,,,,,,
Understanding Lambda Expressions,Function,,,,,,,,,,
JavaFx: Listener and/or binding handling,ObservableValue,,,,,,,,,,
Auto Printing the created itext report in Java,SimpleDoc,,,,,,,,,,
How to properly format sum code?,String,,,,,,,,,,
Cause of java.util.concurrent.BrokenBarrierException,CyclicBarrier,CopyOnWriteArrayList,,,,,,,,,
File turns to folder,File,,,,,,,,,,
How to check the state of an JCheckBox?,AbstractButton,,,,,,,,,,
Java Swing JMenuItem intercepts its accelerator key even entered into a JTextField component,KeyStroke,,,,,,,,,,
How do I turn this into a simple program to take in 5 numbers and tell the least and greatest?,Arrays,,,,,,,,,,
Getting total amount in a column,String,,,,,,,,,,
What's wrong with using Inheritance Equality in Java?,Object,,,,,,,,,,
What is the difference between getTimeInMilis() and .getTime().getTime()?,Calendar,,,,,,,,,,
Get the alphanumeric month value for a timezone enabled DateTime instance,DateFormat,package-summary,ZoneId,ZonedDateTime,Month,Locale,Instant,OffsetDateTime,,,
Increment in month value in Date class in Java,Date,,,,,,,,,,
What order should I use GzipOutputStream and BufferedOutputStream,index,,,,,,,,,,
How to deal with many different insets for GridBagConstraints?,EnumMap,GridBagConstraints,,,,,,,,,
"Unsafe, reflection access vs toCharArray (performance)",MethodHandles.Lookup,,,,,,,,,,
"Java When outputting String and method return, why does method return output first?",PrintStream,,,,,,,,,,
HashMap Not Calling Object.equals?,Object,,,,,,,,,,
JAVA: what is the best way for scheduling Thread works?,ScheduledExecutorService,Executors,ExecutorService,,,,,,,,
Can Libgdx store very large numbers in its coordinate system?,BigDecimal,,,,,,,,,,
String's replace all is replacing none,String,Pattern,,,,,,,,,
Can we use ArrayList to store WebElements?,ArrayList,,,,,,,,,,
Add actions to JPopupMenu options,JPopupMenu,AbstractButton,,,,,,,,,
Converting from byte to int in java,Byte,,,,,,,,,,
How do I put only unique values into an array?,Set,HashSet,,,,,,,,,
Mockito - Mocking behaviour of a File,File,,,,,,,,,,
Java get month string from integer,Month,package-summary,,,,,,,,,
localdatetime to zoneddatetime,ZonedDateTime,Instant,Timestamp,PreparedStatement,LocalDateTime,,,,,,
java.util.NoSuchElementException Reattempt,Scanner,,,,,,,,,,
Is this dictionary function thread-safe (ConcurrentHashMap+AtomicInteger)?,ConcurrentMap,package-summary,ConcurrentHashMap,,,,,,,,
How to write encoded text to a file using Java?,Base64.Encoder,FileOutputStream,binary,,,,,,,,
which datastructure should i use based on my needs?,List,,,,,,,,,,
Unfortunately <program name> has stopped. Android rock paper scissors game,Random,,,,,,,,,,
Initializing class object,ArrayList,,,,,,,,,,
Convert Arraylist<subclass> to ArrayList<parent>,ArrayList,,,,,,,,,,
java null pointer exception with object is declared already,Object,,,,,,,,,,
How do you transform a CompletableFuture of one type to another?,CompletableFuture,,,,,,,,,,
Java SE get hard disk driver names,File,,,,,,,,,,
Java 9 dependency issues regarding serviceloader,java.xml.bind-summary,JAXBContextFactory,,,,,,,,,
Using nextLine and next,Scanner,InputMismatchException,,,,,,,,,
Function interface as function reference,Map.Entry,,,,,,,,,,
Moving ArrayList element to the last position in the List?,ArrayList,List,,,,,,,,,
SwingWorker doesnt run doInBackground properly,SwingWorker,StringBuilder,,,,,,,,,
How to know ASCII / UTF code of emojis?,String,Character,,,,,,,,,
Future waiting for FixedThreadPool is returning before all Threads finish,ExecutorService,,,,,,,,,,
"Split string by space, Java",Pattern,String,Matcher,,,,,,,,
Unchecked cast from Object to List,Class,,,,,,,,,,
Select highest data from value using key of a map - Java,LocalDate,YearMonth,Map,BiFunction,DateTimeFormatter,,,,,,
Jaxb API Listener,Unmarshaller.Listener,Marshaller.Listener,Marshaller,,,,,,,,
modal parentless JDialog does not grab focus,Dialog.ModalityType,JDialog,,,,,,,,,
Can't invoke HashMap's getEntry via reflection on Java 8,HashMap,,,,,,,,,,
Optimizing number of threads dynamically,ThreadPoolExecutor,Executors,ExecutorService,,,,,,,,
Constructing a sequence of bits in java,BitSet,FileOutputStream,,,,,,,,,
Java 2D Rendering Ripple Artifacts,RenderingHints,,,,,,,,,,
Differences in Object modifications,StringBuilder,,,,,,,,,,
why this reference is AppClassLoader rather than MyClassLoader when invoke loadClass method at the first time,ClassLoader,,,,,,,,,,
I keep receiving java.awt.print.PrinterException: Paper's imageable height is too small,PrinterJob,,,,,,,,,,
"Adding *copies* of entries from Java Map<String, Object> propertyMap",Map,,,,,,,,,,
StringIndexOutOfBoundsException while loop with charat(),String,,,,,,,,,,
ArrayList contains another ArrayList,ArrayList,AbstractCollection,,,,,,,,,
How can I return a JButton from a function and use it to do an action in a different class in java?,SwingUtilities,,,,,,,,,,
Testing For Two Pairs In a Given String,String,,,,,,,,,,
Setting a background image on a JFrame using Swing,JComponent,,,,,,,,,,
Does break statement make my code faster?,Set,HashSet,,,,,,,,,
When does a set allow duplicates?,Set,Object,,,,,,,,,
Iterator isEmpty() call causing noSuchElement exception?,Iterator,HashMap,,,,,,,,,
Gson how to get serialized name,Field,,,,,,,,,,
Main method does not end in Eclipse,FileInputStream,,,,,,,,,,
Jframe loading window in java,Frame,,,,,,,,,,
Do we need to override hashcode method?,Object,,,,,,,,,,
Single quote missing in query,PreparedStatement,,,,,,,,,,
Having difficulty understanding a Java 8 Lambda,Executors,ThreadFactory,,,,,,,,,
Parse CIM_DateTime with milliseconds to Java Date,package-summary,DateTimeFormatter,OffsetDateTime,Date,Instant,,,,,,
JavaFX .setStyle(...) isn't not working when `-fx-background-image` changes,StackPane,ImageView,Region,Background,,,,,,,
Why is the internal data of BitSet in java stored as long[] instead of int[] in Java?,BitSet,,,,,,,,,,
"The Subclass of java.util.TreeMap gives NullPointerException on call put(key, value) method",TreeMap,,,,,,,,,,
How to Ensure Method is called before Object is Destroyed?,Runtime,,,,,,,,,,
invokeall() wiht Future Versus CompletableFuture,AbstractExecutorService,,,,,,,,,,
Dead Code Warning in IF Statement,Connection,,,,,,,,,,
how to remove a specific element from queue in java(not priority queue),Queue,LinkedList,,,,,,,,,
IllegalArgumentException when passing in a class which implements an interface in java reflect,Method,,,,,,,,,,
ScheduledExecutorService with variable delay,ScheduledExecutorService,,,,,,,,,,
What is the easiest way to get a formatted string from a calendar object which respects timezone?,package-summary,Calendar,DateTimeFormatter,Locale,Formatter,,,,,,
How to get the index of an item in an array,ArrayList,,,,,,,,,,
I need JTextField to be editable after calling requestFocus() on it's parent container,KeyboardFocusManager,,,,,,,,,,
HashSet removeAll method is surprisingly slow,AbstractSet,,,,,,,,,,
"MyClass.class.getClassLoader().getResource("""").getPath() throws NullPointerException",ClassLoader,,,,,,,,,,
What to do with generated SOAP calls from a WSDL file in Netbeans,Dispatch,,,,,,,,,,
How do I filter through a list of objects that contains lists?,Stream,Optional,,,,,,,,,
Is Try-Catch More or Less Expensive Than Try-With-Resources,Throwable,,,,,,,,,,
perform same operation as linux pipe in java?,ProcessBuilder,Process,,,,,,,,,
Is Atomic Integer incrementAndGet() thread safe?,AtomicLong,package-summary,,,,,,,,,
CardLayout using JMenu sending error messages,CardLayout,,,,,,,,,,
Java Swing JFrame Layout,LayoutManager,JFrame,,,,,,,,,
Sorting array with delimited values,Arrays,Comparator,,,,,,,,,
In Java when is the final block in a constructor executed?,Object,AutoCloseable,,,,,,,,,
Java NullPointerException whilst reading XML file,Node,,,,,,,,,,
How can I produce a select tag using JSTL or Standard Actions in a JSP,Collections,,,,,,,,,,
Why do I have the wrong number of arguments when calling main through reflection?,Method,,,,,,,,,,
How can I add two double values together to form another double value(casting),SpinnerNumberModel,,,,,,,,,,
passing lambda as method arg and sorting map,Function,Collectors,Comparator,BiFunction,ToIntBiFunction,,,,,,
Remember last value returned from a JDK 8 lambda,DoubleStream,,,,,,,,,,
Iterate through all files in Java,Files,FileVisitor,,,,,,,,,
Java locking structure best pattern,Lock,,,,,,,,,,
Differnce between addfirst and offerFirst methods in ArrayDeque,Deque,LinkedBlockingDeque,,,,,,,,,
sort descendingly based on multiple parameters in Java,Collections,Comparator,,,,,,,,,
How to clean ThreadLocal's data when the Thread's task is done,ThreadLocal,,,,,,,,,,
How to work with Java 8 streams?,Collection,,,,,,,,,,
How to resolve the accuracy error with floating point arithmetic,Math,,,,,,,,,,
How to maintain multiple SQL database connections in a single Java file?,Connection,,,,,,,,,,
Set the initial capacity of ArrayList of ArrayLists,ArrayList,,,,,,,,,,
"contains() method present in java.lang.String doesnot behave properly for some scenarios,Could anyone please explain this behavior",String,,,,,,,,,,
Resize Popup of a Combobox,JComboBox,,,,,,,,,,
Get char from multi-string array,String,StringBuilder,,,,,,,,,
iterating lines with loop in java,InputStreamReader,,,,,,,,,,
using Java8's Optional<T> in a functional way for updating source with default value,Map,,,,,,,,,,
JTable Swing retrieve data,JTable,,,,,,,,,,
How to write large binary data fast in Java?,Double,ByteBuffer,WritableByteChannel,Files,,,,,,,
Must you set references to null for garbage collection to work,index,,,,,,,,,,
"Java, set field value with reflection",Field,,,,,,,,,,
Read a specific byte from binary file,RandomAccessFile,FileInputStream,,,,,,,,,
Java. Retrieve subtree by parent node,TreeMap,,,,,,,,,,
How locale dependent is SimpleDateFormat?,Locale,,,,,,,,,,
Sort a List of objects by multiple fields,Comparable,,,,,,,,,,
Why does ExecutorService.invokeAll() return a List of Future?,ExecutorService,,,,,,,,,,
Java 8 LocalDateTime today at specific hour,LocalDate,Clock,LocalDateTime,,,,,,,,
Java how to use ListIterator for Queue?,Stack,List,Queue,ListIterator,LinkedList,Deque,ArrayDeque,ConcurrentLinkedDeque,LinkedBlockingDeque,,
"java.util.HashMap get: does key have to be exactly the same object as what is stored in the HashMap, or can the keys just be ""equal""",HashMap,,,,,,,,,,
Time consistency issue with ScheduledExecutorService in Java,ScheduledExecutorService,ScheduledFuture,Future,,,,,,,,
how to replace some chars in the string with other chars by the user?,String,,,,,,,,,,
Need an alternative for .parse function,BigInteger,,,,,,,,,,
Repaint() is not workning out of run() function,AtomicLong,,,,,,,,,,
Is there a way to get a file from res folder with ClassLoader and getClass() method,Class,,,,,,,,,,
JOptionPane using JPanel,JOptionPane,,,,,,,,,,
LinkedList search performance in HashMap,Object,,,,,,,,,,
Sequence of Sysout result,Throwable,,,,,,,,,,
read in from a text file and split to two string to be able to pass to,String,,,,,,,,,,
"Throwing an exception without ""Exception in thread...""",Thread,,,,,,,,,,
Random generator giving me the same number everytime,Random,,,,,,,,,,
Java Swing - Get the size of the element some other element is enclosed in,Component,SwingUtilities,,,,,,,,,
Java ArrayList and HashMap on-the-fly,Arrays,,,,,,,,,,
Why do people still use primitive types in Java?,List,,,,,,,,,,
Using the Comparable Object with min/max heaps,Comparable,,,,,,,,,,
"How can I optimize this HashMap with 42,000 keys",Map,,,,,,,,,,
Way to make this HashMap more efficient,HashMap,Comparable,Collections,,,,,,,,
How to properly instantiate inner classes through reflection?,Class,,,,,,,,,,
Cannot instantiate the type,index,,,,,,,,,,
"How to test if a private static function exists in a class, without having to catch a NoSuchMethodException?",Class,,,,,,,,,,
Change Title of JFrame from other Class,SwingUtilities,,,,,,,,,,
Very small simple precision and double precision float numbers representation,BigDecimal,Double,,,,,,,,,
Word wheel for JTable?,JList,,,,,,,,,,
How to determine that class is abstract using Java Mirror API?,Element,,,,,,,,,,
Java - How can I get old and new size from JPanel?,ComponentEvent,,,,,,,,,,
Forcing the update of a JList,AbstractListModel,,,,,,,,,,
When to use CharSequence in an API,CharSequence,StringBuffer,,,,,,,,,
Java generics puzzler with generic static factory,Object,,,,,,,,,,
Working with files in java,PrintWriter,FileWriter,File,InputStreamReader,OutputStreamWriter,,,,,,
Java NIO object to date conversion,FileTime,,,,,,,,,,
How to watch multiple directories with WatchService?,Path,WatchService,WatchKey,,,,,,,,
java.lang.ClassCastException: java.lang.Short cannot be cast to java.lang.Integer,Short,,,,,,,,,,
Details of file.exists() in Java?,FileSystemProvider,,,,,,,,,,
Dealing with optional field in json,Map,,,,,,,,,,
Best Way to Set Day to the First of the Month Using DateTime Without Inherent WithDayOfMonth Method,LocalDate,TemporalAdjuster,TemporalAdjusters,package-summary,Date,Calendar,SimpleDateFormat,,,,
How can I convert String to Double without losing precision in Java?,BigDecimal,DecimalFormatSymbols,PrintStream,DecimalFormat,,,,,,,
SSLSocket used ciphersuite,SSLSession,SSLSocket,,,,,,,,,
java.util.ConcurrentModificationException with custom ArrayList,ArrayList,List,,,,,,,,,
Collection Implementation to Block null elements being added,TreeSet,,,,,,,,,,
Input mismatch when reading double from file,Scanner,,,,,,,,,,
Java casting (dynamic),Class,,,,,,,,,,
Java negative bigdecimal value with braces,BigDecimal,DecimalFormat,,,,,,,,,
How to determine that no exceptions have been caught java,DocumentBuilder,,,,,,,,,,
Why and how do you use JShell?,Map,,,,,,,,,,
Why is the index of an object in a two-dimensional array returning -1?,Arrays,,,,,,,,,,
How delete JPanel from JFrame before adding new one,Container,,,,,,,,,,
Java How to implement lock on ConcurrentHashMap read,ReentrantLock,,,,,,,,,,
Why I cannot remove the cell in my jtable,List,,,,,,,,,,
Efficient threading scheme,ExecutorService,Executors,,,,,,,,,
Get files in a directory sorted by last modified?,File,FileFilter,,,,,,,,,
Is this synchronization on ConcurrentHashMap correct?,ConcurrentHashMap,,,,,,,,,,
Replacing an object in a ArrayList,List,,,,,,,,,,
Exception instead of Compiler Error,String,ArrayIndexOutOfBoundsException,,,,,,,,,
How the ArrayList add() behaves,ArrayList,,,,,,,,,,
confusion about Class.isInstance,Class,,,,,,,,,,
What's the name of a list with only one element,Collections,,,,,,,,,,
Generics with params in constructor and call T method,Class,Constructor,,,,,,,,,
ClassnotFound exception using java reflection,Class,,,,,,,,,,
How to format a java.sql Timestamp for displaying?,SimpleDateFormat,,,,,,,,,,
"java, determine if circle is inside an area",GraphicsConfiguration,BufferedImage,,,,,,,,,
"""double, Double, HashSet"" in Java",Double,,,,,,,,,,
Spawning too many threads in java,Executors,,,,,,,,,,
Is there an advantage to use a Synchronized Method instead of a Synchronized Block?,ReentrantLock,package-summary,Modifier,,,,,,,,
Do certain image file types always correspond with certain BufferedImage constant types?,ImageReadParam,,,,,,,,,,
What hashing function does Java use by default and can we override the default behavior?,Object,,,,,,,,,,
common objects in 2 ArrayList,List,Object,,,,,,,,,
Java (JDBC) : Alternatives for iteration of query results [ while(resultSet.next()) ],ResultSet,,,,,,,,,,
Java Timer vs ExecutorService?,ScheduledThreadPoolExecutor,ForkJoinPool,ExecutorService,ThreadPoolExecutor,,,,,,,
Java - Zip to file dir isue,FileOutputStream,File,,,,,,,,,
How to avoid null pointer exception in java,Objects,,,,,,,,,,
How can I add objects to an array list using the equals method to exclude similar objects?,HashSet,TreeSet,Set,Collection,,,,,,,
"JavaFX, can't get application icon to show up after exporting to *.JAR in eclipse",ClassLoader,,,,,,,,,,
Sum of the distincts Extended Description,Set,package-summary,Stream,,,,,,,,
Java find what JFrame belongs to a JPanel,SwingUtilities,,,,,,,,,,
Safe to iterate values collection of hasmap after key removal?,Map.Entry,Map,,,,,,,,,
Check if timestamp (milli) belongs to a specific day,SimpleDateFormat,Date,,,,,,,,,
Copying An Object With Sharing References To Member Data,Map,,,,,,,,,,
Displaying a scroll bar only when necessary,JScrollPane,,,,,,,,,,
Best way to make conjunctions and disjunctions over a collection in java,Set,Collections,,,,,,,,,
Are Java classes considered to be objects themselves?,Class,ClassLoader,Object,,,,,,,,
netbeans null pointer exception with correct path,ClassLoader,,,,,,,,,,
find the order of unsorted array,TreeMap,Comparator,Stream,,,,,,,,
GUI has to wait until splashscreen finishes executing,JProgressBar,,,,,,,,,,
Creating a new xml file based on a condition using java,Document,Node,,,,,,,,,
"In java, how do I sort a generic class T on a Field variable sent to me",Field,,,,,,,,,,
How can I get TextField from inner stage in JavaFX?,Stage,,,,,,,,,,
KeyPressed and mousePressed Event in an unfocused Component,Component,AbstractButton,,,,,,,,,
cannot implement run() in Runnable,Thread,,,,,,,,,,
Change the alpha value of a pixel,ColorModel,,,,,,,,,,
Set Image to Button and process ActionListener in Puzzle Game using Java,Window,Container,,,,,,,,,
Why is app shutting down and catch-clause doesnÂ´t catch error?,String,,,,,,,,,,
Java reading long text file is very slow,StringBuilder,BufferedReader,,,,,,,,,
"Animated GIF on a JButton, play it when mouse is hovered",AbstractButton,,,,,,,,,,
Strange behaviour from JFrame point drawing,PointerInfo,,,,,,,,,,
Can't change the JTextField text,JTextComponent,,,,,,,,,,
Java add list of specific class to list of java.lang.Object works with java 8 streams - why?,Collection,,,,,,,,,,
What is the type for varchar(10) in a prepared statement query?,PreparedStatement,,,,,,,,,,
Is it worth using distinct() with collect(toSet()),Stream,,,,,,,,,,
How will the condition work in JOptionPane?,JOptionPane,,,,,,,,,,
Java equivalent of Python 'in' - for set membership test?,Set,HashSet,,,,,,,,,
feasibility of java app for windows and os x,File,,,,,,,,,,
How to initialize List<String> object in Java?,List,Collections,,,,,,,,,
Java color opacity,Color,,,,,,,,,,
Using JFrame.pack() in a loop,BorderLayout,SwingUtilities,Timer,,,,,,,,
Java look up closest previous Date in HashMap,TreeMap,,,,,,,,,,
Methods that throw an exception that do not require catching,RuntimeException,Long,NumberFormatException,,,,,,,,
ArrayList into JList using MVC,JList,,,,,,,,,,
How to check if file name already exists?,File,,,,,,,,,,
"Java Error: The method getMethod(String, Class<boolean>) is undefined for type Class",Class,AccessibleObject,,,,,,,,,
Is it better to use Objects or integers as HashMap keys?,Object,,,,,,,,,,
How to print values of an object in Java when you do not have the source code for the class?,Class,Field,AccessibleObject,,,,,,,,
How to create a .java file using java?,File,Files,Paths,,,,,,,,
How do I convert a String to a BigInteger?,BigInteger,,,,,,,,,,
How default .equals and .hashCode will work for my classes?,Object,,,,,,,,,,
Store Numbers as Binary in files,DataOutputStream,DataInputStream,,,,,,,,,
Rotating pngs in Java,AffineTransform,,,,,,,,,,
Set timestamp in Oracle,PreparedStatement,Timestamp,,,,,,,,,
Difference between URL.openConnection() and URLConnection.connect()?,URLConnection,,,,,,,,,,
Java won't execute cmd line?,Process,ProcessBuilder,,,,,,,,,
Java - ArrayList removal of duplicate items,ArrayList,List,,,,,,,,,
Transfer animated GIF over socket,Toolkit,MediaTracker,,,,,,,,,
Why does BasicService.getCodeBase() return null when using file:// as URL protocol in the JNLP codebase attribute?,BasicService,,,,,,,,,,
How to change the background color of each second row?,JTable,,,,,,,,,,
Java Database Handling Performance Suggestion,ThreadPoolExecutor,index,LinkedList,,,,,,,,
Thread safe collection with fixed capacity in FIFO order,LinkedBlockingQueue,,,,,,,,,,
"Why doesn't my way of using FileChannel, ByteBuffer and CharBuffer work like the other way?",FileChannel,Buffer,,,,,,,,,
new jre7 try block resources,Statement,,,,,,,,,,
Return/print array,List,,,,,,,,,,
Out of Memory exception while running multithreaded code,Executors,ForkJoinPool,,,,,,,,,
"Using an instance of an object as a key in hashmap, and then access it with exactly new object?",Object,,,,,,,,,,
