Reusing the consumed characters in pattern matching in java,String,,
javascript date to java date field,Date,Long,
toBinaryString type error,Integer,,
Regarding Regex in java,String,,
want to send hexadecimal string data in java,String,,
"Futures, TimeoutException, and Callables with finally blocks",Future,,
Executing bash script with tilde in path,System,,
Java int hex from color string,Integer,,
How to store input values in an array by using Scanner in Java,String,,
"Interpret java strings containing integer literals (dec, hex & oct notation) as integer values",Integer,,
Trouble integer parsing two simple strings,constant-values,Long,
Removing character and adding new line,String,,
JAR ignores files inside it,Class,,
Combining strings java (stringtokenizer),String,,
How to add a String to another String array in android,System,,
Java putting 2 decimal places in float,String,,
The ClassLoader can replace the array by anything,ClassLoader,,
Match everything after and before something regex Java,String,,
How to properly compare two Integers in Java,Objects,,
Append to String at certain position,String,,
converting one line string into individual integers,String,,
Java String Manipulation and dynamic underscore removal,String,,
Find source of print call,System,,
Converting a small hexadecimal String into a integer,Arrays,BigInteger,ArrayList
How to detect empty spaces in a string,Character,,
Turning a string of numbers into an integer array,Character,,
How to get hours and minutes from a String variable ,String,,
how to generate string with varying number of spaces OR how to add no of spaces after a string,String,,
Converting left padded String to number,Long,,
How to take two digit from string in java,String,,
Is there a way to get the file path of the .java file executed or compiled,Class,,
One liner to check two decimal strings differ only by 1 ulp,Double,,
Phonekeypad string to number,String,,
Deleting last whitespace in Array - java,String,,
How to add all integer from String in sequence,Character,,
Is there any way to know the caller class name,Thread,,
Parsing a String with an Exponent (Java),Double,,
How to replace first occurrence of string in Java,String,,
How to get a string between two characters,String,,
In Java how to assign value to System.in,System,,
Can't get around a simple error in Java,Double,,
How the explicit cast from double to int rounds in Java,Double,,
Adding Decimal Places (3 Decimal Places) in Java,String,,
Formatting IP:Port string to,Integer,String,
How to append to beginning of java string using replace with regex,String,,
Check if multiple files exist in Java,Class,File,Files
Make the console wait for correct input by user to close,System,,
How to extract two integers from unknown indexes from a string,String,,
Java encode special character in a String with UTF-8 character,String,,
Best way to concatenate List of String objects,String,,
Remove last character of a StringBuilder,index,String,
Two separate console windows for input and output,System,,
How do I get the file name from a String containing the Absolute file path,String,,
file.canWrite(); file.canRead(); file.canExceute(); always return true though my file/directory had no access rights,File,,
Identifying the caller method and arguments without reflection,Throwable,,
How to fix int initialization issues in a method that returns an int,Character,,
SHA Hashing behaving unexpectedly in Java - Code Provided,String,,
Java - How to double only Vowels,String,,
Checking for permutations of a space-containing string in java,String,,
How to display an output of float data with 2 decimal places in Java,String,,
Converting strings to uppercase and using char at method,String,,
Formatting a string array in java,String,,
how to check look for blankspace in char array,Character,,
Attaining the correct number of 'a' characters in the String,Character,,
serversocket close after timeout,Thread,,
"Hangman,how to replace the underscores of the string in the correct position of the secret string",String,,
How can I write to stdIn (JAVA),System,,
Rounding a number with printf in java,String,,
Reading postgres tables in terminal with java,Runtime,,
Java TreeSet remove duplicates based on object attribute,String,Comparator,
Convert 3 different int values within String mode separated by spaces or something else,String,,
Playing a wav file in Java after compiling it to JAR,Class,,
How to print string from first character to determined character with java,String,,
Java Char to Integer,Character,,
How to get an integer at a specified position in a string of integers,Character,,
How to change one array's values from another array,String,,
Convert A String (like testing123) To Binary In Java,String,,
File reading applet not running in browser,Class,,
how to check jre version using java application,System,,
How to save digits after decimal point in double number,String,,
Best way to get new string from existing string,String,,
"Check if String starts with given characters regardless of upper case, lower case",String,,
How to convert for example: (int)5 to (byte)0x05 in Java,Byte,,
How can I update my Java program to only show two decimal places,String,,
java.io.FileNotFoundException when reading .csv file,Class,,
How to extract part of file name of a CSV file in Java,String,,
"Optimize performance java ""for"" and ""array string""",System,,
How to parse date string into integer variables,String,,
Incorrect data returned by Calendar API,constant-values,Calendar,
Add leading zeroes to number in Java,String,,
how to create a byte from string representation of a byte,Integer,,
Java - If statement required to display the value as 0.00 instead of 0.0,String,,
What is the most accurate way to convert dollar to cents in Java,Math,,
Joda Time - Day of month and Month of Year Not returning 2 digit output,String,PrintStream,
Java pattern with word boundary doesn't work,String,,
How to print an array of doubles in a column in Java,String,,
Forward slash or backslash,File,System,
How to concatenate arrays with space,String,,
trying to obtain a first name in the path after first back slash,String,,
How to display only time part from date time combination in java,Pattern,String,
How i can to add a significant 0 to int,String,,
Regex Optimization for large lists,String,,
printing answer up to 9 digits on division in java,String,,
