5,0.192134769,0.233171295,0,0,0,0,0,java.lang.Thread.interrupt
4,0.141472502,0.340288406,0,0,0,0,0,java.lang.Runtime.addShutdownHook
4,0.245136495,0.043814326,0,0,0,0,0,java.lang.Thread.stop
3,0.167136393,0.331366456,0,0,0,0,0,java.lang.Runtime.exec
3,0.224267102,0.343572334,0,0,0,0,0,java.net.URLClassLoader.close
2,0.153185818,0.235794752,0,0,0,0,0,java.lang.System.getProperties
2,0.26487371,0.330000751,0,0,0,0,0,java.lang.System.exit
1,0.10519818,0.273556088,0,0,0,0,0,java.util.Locale.setDefault
1,0.098536534,0.274077064,0,0,0,0,0,java.util.Locale.getDefault
0,0.204088317,0.360619148,0,0,0,0,0,java.lang.ProcessBuilder.inheritIO
5,0.356597485,0.453761351,0,0,0,0,0,java.lang.Double.toString
9,0.478327833,0.54736685,0,1,0,0.914139514,0.719653474,java.lang.Math.round
4,0.357145373,0.457293958,0,0,0,0,0,java.lang.Double.valueOf
3,0.43104784,0.498135908,0,0,0,0,0,java.text.DecimalFormat.format
3,0.374477904,0.4573583,0,0,0,0,0,java.lang.Integer.parseInt
2,0.489345038,0.445585548,0,0,0,0,0,java.math.BigDecimal.divide
8,0.342810547,0.497072048,0,0,1,0,0,java.lang.Math.floor
1,0.404823724,0.492074484,0,0,0,0,0,java.lang.Float.parseFloat
1,0.408344391,0.489832153,0,0,0,0,0,java.math.BigDecimal.valueOf
0,0.389660786,0.467833797,0,0,0,0,0,java.lang.Double.parseDouble
10,0.593381058,0.646249937,1,0.947130584,0,0.947130584,0.916644111,java.lang.String.split
4,0.624106482,0.524144897,0,0,0,0,0,java.util.regex.Pattern.split
4,0.445331232,0.574578632,0,0,0,0,0,java.lang.String.replaceFirst
3,0.480271825,0.521726539,0,0,0,0,0,java.util.regex.Pattern.quote
3,0.418105789,0.571150464,0,0,0,0,0,java.lang.String.format
2,0.447811987,0.453957619,0,0,0,0,0,java.util.regex.Pattern.compile
2,0.486728855,0.424965764,0,0,0,0,0,java.util.regex.Pattern.matches
1,0.310459642,0.479922325,0,0,0,0,0,java.util.Arrays.toString
1,0.503698113,0.552454572,0,0,0,0,0,java.lang.String.substring
0,0.473452948,0.449810543,0,0,0,0,0,java.lang.String.replace
10,0.413680374,0.545492143,1,0,0,0,0,java.lang.Integer.parseInt
4,0.413176769,0.592700824,0,0,0,0,0,java.lang.Integer.valueOf
4,0.364440704,0.537746179,0,0,0,0,0,java.lang.Double.valueOf
3,0.279468125,0.50383281,0,0,0,0,0,java.lang.Long.parseLong
3,0.385510411,0.423236809,0,0,0,0,0,java.lang.String.compareTo
2,0.293558841,0.537377093,0,0,0,0,0,java.lang.Long.valueOf
2,0.174718882,0.642028465,0,0,0,0,0,java.lang.Class.isPrimitive
1,0.230923668,0.467859228,0,0,0,0,0,java.lang.Class.forName
1,0.326452004,0.458557744,0,0,0,0,0,java.util.Arrays.binarySearch
0,0.261181902,0.741844379,0,0,0,0,0,java.lang.Character.isLetter
5,0.42332065,0.559964839,0,0,0,0,0,java.lang.Integer.valueOf
8,0.423754079,0.507769136,0,0,0.912117627,0,0.741311204,java.lang.Integer.parseInt
4,0.359632533,0.487241785,0,0,0,0,0,java.lang.Double.valueOf
10,0.305397982,0.567626764,1,0,0,0,0,java.lang.Math.floor
3,0.35238275,0.397499064,0,0,0,0,0,java.lang.String.compareTo
2,0.26771037,0.455104994,0,0,0,0,0,java.lang.Long.parseLong
9,0.298242096,0.571510095,0,1,0,0,0,java.lang.Math.ceil
1,0.31779621,0.449594829,0,0,0,0,0,java.lang.Object.hashCode
1,0.283553668,0.494203084,0,0,0,0,0,java.lang.Long.valueOf
0,0.205475855,0.437164595,0,0,0,0,0,java.lang.Class.forName
10,0.215323463,0.480616625,1,0,0,0,0,java.lang.System.arraycopy
4,0.418882701,0.491223773,0,0,0,0,0,java.lang.Object.clone
4,0.344645999,0.420651493,0,0,0,0,0,java.util.List.toArray
3,0.398467699,0.434344829,0,0,0,0,0,java.util.Arrays.copyOf
3,0.379854138,0.394960677,0,0,0,0,0,java.util.Arrays.deepToString
2,0.303966557,0.379519864,0,0,0,0,0,java.lang.Double.valueOf
2,0.428205234,0.416695798,0,0,0,0,0,java.util.Arrays.fill
1,0.459681978,0.530291676,0,0,0,0,0,java.util.Collections.copy
1,0.375545111,0.420651493,0,0,0,0,0,java.util.ArrayList.toArray
0,0.310002742,0.36389128,0,0,0,0,0,java.lang.String.intern
5,0.478652047,0.785921809,0,0,0,0,0,java.lang.Math.toRadians
9,0.374104159,0.785921809,0,1,0,0,0,java.lang.Math.toDegrees
8,0.46579857,0.607527344,0,0,1,0,0,java.lang.Math.atan2
3,0.449458268,0.515936181,0,0,0,0,0,java.math.BigDecimal.doubleValue
3,0.365416592,0.372088,0,0,0,0,0,java.lang.Integer.toHexString
2,0.322285558,0.361924225,0,0,0,0,0,java.lang.Double.valueOf
2,0.499900851,0.53933476,0,0,0,0,0,java.lang.Math.cos
1,0.292093309,0.338947177,0,0,0,0,0,java.lang.Double.toString
1,0.463832917,0.498474995,0,0,0,0,0,java.lang.Math.acos
0,0.41798823,0.473518183,0,0,0,0,0,java.math.BigDecimal.valueOf
10,0.497789094,0.608987827,1,0,0,0.743071895,0,java.lang.Math.round
4,0.461368574,0.578831585,0,0,0,0,0,java.lang.Double.valueOf
4,0.456549196,0.540048457,0,0,0,0,0,java.lang.Double.toString
3,0.418682622,0.50677882,0,0,0,0,0,java.math.BigDecimal.toPlainString
3,0.374691063,0.563788722,0,0,0,0,0,java.lang.Math.ceil
2,0.437023921,0.501095917,0,0,0,0,0,java.text.DecimalFormat.format
2,0.484050935,0.55900109,0,0,0,0,0,java.lang.Double.parseDouble
1,0.251856567,0.603148261,0,0,0,0,0,java.lang.Math.rint
1,0.445998873,0.516015837,0,0,0,0,0,java.math.BigDecimal.valueOf
0,0.366382574,0.461435226,0,0,0,0,0,java.lang.String.valueOf
10,0.681997761,0.637347882,1,0,0,0,1,java.lang.String.split
4,0.567755959,0.567298105,0,0,0,0,0,java.lang.String.replaceAll
4,0.564754013,0.549549605,0,0,0,0,0,java.util.regex.Pattern.split
9,0.594796887,0.549296521,0,1,0,0,0,java.lang.String.trim
3,0.404136076,0.573367142,0,0,0,0,0,java.util.regex.Pattern.quote
2,0.433501874,0.590850169,0,0,0,0,0,java.lang.Integer.parseInt
2,0.419210575,0.54649172,0,0,0,0,0,java.util.Arrays.toString
1,0.371643824,0.500007684,0,0,0,0,0,java.util.Arrays.deepToString
1,0.482899177,0.513876112,0,0,0,0,0,java.lang.String.valueOf
0,0.421008281,0.536327756,0,0,0,0,0,java.lang.Double.parseDouble
5,0.258566052,0.635583995,0,0,0,0,0,java.net.InetAddress.getLocalHost
4,0.226684637,0.518776019,0,0,0,0,0,java.net.NetworkInterface.getNetworkInterfaces
4,0.272646326,0.486313077,0,0,0,0,0,java.net.InetAddress.getByName
3,0.373950909,0.602873035,0,0,0,0,0,java.util.Locale.getDefault
3,0.244917847,0.463542892,0,0,0,0,0,java.net.InetAddress.getHostAddress
2,0.254216922,0.602054134,0,0,0,0,0,java.net.InetAddress.getHostName
2,0.227513959,0.521562394,0,0,0,0,0,java.net.InetAddress.getAllByName
1,0.1671742,0.320830786,0,0,0,0,0,java.io.File.listRoots
1,0.236590042,0.493924322,0,0,0,0,0,java.net.InetAddress.getCanonicalHostName
0,0.277713126,0.554004737,0,0,0,0,0,java.net.Socket.bind
10,0.602313242,0.635013623,1,0,1,0.948905143,0,java.lang.String.split
4,0.494201421,0.560077176,0,0,0,0,0,java.util.regex.Pattern.split
4,0.505119637,0.585823483,0,0,0,0,0,java.lang.String.replaceAll
3,0.357961442,0.551930695,0,0,0,0,0,java.util.regex.Pattern.quote
3,0.327677167,0.498024371,0,0,0,0,0,java.util.Arrays.deepToString
2,0.528745008,0.489922105,0,0,0,0,0,java.lang.String.trim
2,0.387444028,0.576509633,0,0,0,0,0,java.lang.Integer.parseInt
1,0.435685337,0.508228607,0,0,0,0,0,java.lang.String.contains
1,0.375175449,0.537516584,0,0,0,0,0,java.util.Arrays.toString
6,0.436938977,0.553335537,0,0,0,0,0.915379885,java.lang.String.toCharArray
10,0.376779751,0.602273183,1,0,0,0,0,java.lang.String.compareTo
4,0.235820715,0.610744624,0,0,0,0,0,java.util.Collections.reverseOrder
4,0.383872974,0.64137829,0,0,0,0,0,java.util.Arrays.sort
3,0.372312998,0.628078725,0,0,0,0,0,java.util.Collections.sort
3,0.439350344,0.587796433,0,0,0,0,0,java.util.Comparator.comparing
2,0.426497453,0.618425312,0,0,0,0,0,java.util.Comparator.reversed
2,0.366407551,0.558634648,0,0,0,0,0,java.lang.Integer.compareTo
1,0.335376245,0.502632609,0,0,0,0,0,java.lang.String.equalsIgnoreCase
1,0.442352931,0.559782493,0,0,0,0,0,java.lang.Integer.compare
0,0.327292026,0.545620594,0,0,0,0,0,java.lang.Integer.valueOf
10,0.272773898,0.364311752,1,0,0,0,0,java.lang.System.nanoTime
4,0.260529321,0.253442902,0,0,0,0,0,java.lang.System.currentTimeMillis
4,0.208435946,0.324991723,0,0,0,0,0,java.lang.Thread.sleep
3,0.252544048,0.219421775,0,0,0,0,0,java.nio.file.Files.copy
3,0.216592541,0.332122279,0,0,0,0,0,java.util.zip.Inflater.getBytesRead
2,0.195545333,0.213560416,0,0,0,0,0,java.lang.Math.random
2,0.209469441,0.221178759,0,0,0,0,0,java.nio.channels.FileChannel.transferTo
1,0.166618975,0.156575495,0,0,0,0,0,java.lang.String.valueOf
1,0.23369955,0.135003547,0,0,0,0,0,java.nio.ByteBuffer.get
0,0.200435132,0.233149857,0,0,0,0,0,java.nio.file.Files.lines
10,0.229527946,0.43483027,1,0,0,0,0,java.lang.System.nanoTime
4,0.180149012,0.338122711,0,0,0,0,0,java.lang.Runtime.addShutdownHook
9,0.245746194,0.432626265,0,0.726074389,0,0,0,java.lang.System.currentTimeMillis
3,0.273879234,0.368661932,0,0,0,0,0,java.lang.Process.waitFor
3,0.289373338,0.436328137,0,0,0,0,0,java.lang.System.exit
2,0.237229738,0.456902442,0,0,0,0,0,java.lang.Runtime.exec
2,0.279685489,0.422475923,0,0,0,0,0,java.lang.Thread.sleep
1,0.337131384,0.475288031,0,0,0,0,0,java.time.LocalDate.atStartOfDay
1,0.273260551,0.071441311,0,0,0,0,0,java.lang.Thread.stop
0,0.315118381,0.429973809,0,0,0,0,0,java.util.regex.Matcher.find
5,0.132027766,0.699210769,0,0,0,0,0,javax.xml.bind.DatatypeConverter.printHexBinary
4,0.357059533,0.529994565,0,0,0,0,0,java.util.Arrays.toString
4,0.378754043,0.140577767,0,0,0,0,0,java.lang.String.getBytes
10,0.438646651,0.515907593,1,0,0,0,0,java.lang.Byte.parseByte
3,0.292595443,0.374717072,0,0,0,0,0,java.nio.ByteBuffer.getShort
2,0.348719211,0.573287186,0,0,0,0,0,java.nio.ByteBuffer.wrap
2,0.36141587,0.459307835,0,0,0,0,0,java.util.Arrays.equals
1,0.38191207,0.4611691,0,0,0,0,0,java.lang.Integer.toString
1,0.347051468,0.435599158,0,0,0,0,0,java.util.Arrays.hashCode
0,0.18695531,0.442677412,0,0,0,0,0,java.lang.System.arraycopy
9,0.285933465,0.539771288,0,1,0,0,0.659564992,java.lang.Runtime.exec
4,0.352332229,0.290472026,0,0,0,0,0,java.lang.ProcessBuilder.directory
4,0.209048816,0.224106118,0,0,0,0,0,java.net.InetAddress.isReachable
3,0.25494105,0.490497105,0,0,0,0,0,javax.swing.JFrame.setIconImage
10,0.255521716,0.325076656,1,0,0.659564992,0,0,java.lang.Runtime.getRuntime
2,0.231250295,0.302280957,0,0,0,0,0,java.util.Arrays.sort
2,0.250796341,0.36198061,0,0,0,0,0,java.lang.System.getProperty
1,0.266477882,0.410612441,0,0,0,0,0,java.lang.System.setProperty
1,0.212625441,0.361026958,0,0,0,0,0,java.net.InetAddress.getByName
0,0.291885027,0.350239706,0,0,0,0,0,java.lang.Process.waitFor
9,0.495074245,0.623867613,0,1,0,0.910419671,0,java.lang.String.replaceAll
4,0.456401699,0.61365803,0,0,0,0,0,java.lang.String.replaceFirst
4,0.420322473,0.537743567,0,0,0,0,0,java.util.regex.Pattern.quote
3,0.355572464,0.655946135,0,0,0,0,0,java.util.regex.Matcher.quoteReplacement
8,0.595172996,0.553931155,0,0,0.910419671,0,0,java.lang.String.replace
2,0.444270546,0.589163119,0,0,0,0,0,java.util.regex.Matcher.replaceAll
2,0.427334293,0.594434682,0,0,0,0,0,java.lang.String.toCharArray
1,0.382345208,0.464583723,0,0,0,0,0,java.util.regex.Matcher.appendReplacement
6,0.38748376,0.537676541,0,0,0,0,0.888827009,java.lang.StringBuilder.toString
0,0.493774892,0.51739664,0,0,0,0,0,java.lang.String.split
5,0.392199241,0.442594895,0,0,0,0,0,java.lang.Integer.toString
8,0.387436438,0.498102515,0,0,1,0,0,java.lang.Integer.parseInt
4,0.367225619,0.472251878,0,0,0,0,0,java.lang.Integer.toBinaryString
3,0.388825017,0.577941211,0,0,0,0,0,java.lang.Float.valueOf
3,0.389796169,0.534963737,0,0,0,0,0,java.lang.Integer.valueOf
2,0.249702084,0.474806887,0,0,0,0,0,java.lang.Long.parseLong
2,0.261626477,0.461551047,0,0,0,0,0,java.lang.Long.toBinaryString
1,0.370214014,0.49803803,0,0,0,0,0,java.lang.Double.toString
1,0.251115807,0.468706034,0,0,0,0,0,java.lang.Long.toHexString
0,0.3735577,0.564612806,0,0,0,0,0,java.lang.Float.parseFloat
5,0.427647976,0.589538397,0,0,0,0,0,java.lang.String.trim
10,0.388168264,0.498967721,1,0,0,0,0.65044584,java.lang.String.replaceAll
9,0.405320108,0.437481357,0,0.655796057,0,0,0,java.lang.String.split
3,0.439610498,0.530135689,0,0,0,0,0,java.lang.String.substring
3,0.246646762,0.413362479,0,0,0,0,0,java.lang.Long.parseLong
8,0.426342588,0.460741331,0,0,0.65044584,0,0,java.lang.String.replace
2,0.317717596,0.423038798,0,0,0,0,0,java.lang.Integer.parseInt
1,0.355542333,0.466447694,0,0,0,0,0,java.lang.StringBuilder.insert
1,0.346355683,0.49476686,0,0,0,0,0,java.lang.String.lastIndexOf
0,0.36646886,0.530827587,0,0,0,0,0,java.lang.String.startsWith
5,0.711080076,0.523707643,0,0,0,0,0,java.net.URL.getPath
4,0.492962316,0.320963481,0,0,0,0,0,java.io.File.toURL
4,0.774586582,0.517097552,0,0,0,0,0,java.net.URL.equals
3,0.724845886,0.521110095,0,0,0,0,0,java.net.URL.openStream
3,0.590686691,0.496731612,0,0,0,0,0,java.net.HttpURLConnection.setRequestMethod
2,0.485719989,0.388163048,0,0,0,0,0,java.lang.Class.getResource
2,0.598212237,0.409714307,0,0,0,0,0,java.net.URLConnection.setDoOutput
1,0.435979985,0.455265559,0,0,0,0,0,javax.xml.bind.JAXB.marshal
1,0.629951518,0.440584348,0,0,0,0,0,java.net.URLConnection.connect
0,0.597521122,0.320963481,0,0,0,0,0,java.net.URLEncoder.encode
9,0.118214961,0.536042123,0,1,0,0,0,java.lang.Throwable.getStackTrace
4,0.088428445,0.559277785,0,0,0,0,0,java.lang.Thread.dumpStack
4,0.145236048,0.623454048,0,0,0,0,0,java.lang.Throwable.fillInStackTrace
3,0.184650814,0.368391681,0,0,0,0,0,java.lang.Throwable.printStackTrace
3,0.097137435,0.548236233,0,0,0,0,0,java.lang.Thread.getStackTrace
2,0.087696667,0.541952463,0,0,0,0,0,java.lang.Thread.getAllStackTraces
2,0.072043743,0.500544404,0,0,0,0,0,java.lang.StackTraceElement.getFileName
1,0.095255114,0.414349426,0,0,0,0,0,java.lang.Runtime.traceMethodCalls
1,0.111735115,0.312212584,0,0,0,0,0,java.lang.Thread.currentThread
0,0.169526183,0.326737738,0,0,0,0,0,java.lang.reflect.Method.invoke
10,0.400031243,0.549790041,1,0,0,0,0.735736544,java.lang.String.indexOf
4,0.338902763,0.502029841,0,0,0,0,0,java.lang.Integer.parseInt
4,0.404791824,0.459359388,0,0,0,0,0,java.lang.String.split
3,0.413836262,0.513632648,0,0,0,0,0,java.lang.String.replaceAll
8,0.419008528,0.518321749,0,0,0.747201998,0,0,java.lang.String.charAt
2,0.366429676,0.565912196,0,0,0,0,0,java.lang.String.toCharArray
9,0.50079628,0.589330405,0,1,0,0,0,java.lang.String.substring
1,0.373046173,0.489171927,0,0,0,0,0,java.lang.Character.getNumericValue
1,0.369854526,0.482465143,0,0,0,0,0,java.lang.String.contains
0,0.4034254,0.478717733,0,0,0,0,0,java.lang.String.replace
5,0.301225902,0.381547009,0,0,0,0,0,java.util.Arrays.asList
10,0.343429465,0.464663131,1,0,0,0,0,java.lang.Object.clone
4,0.300674493,0.454854145,0,0,0,0,0,java.util.Arrays.copyOf
3,0.258932222,0.427953344,0,0,0,0,0,java.lang.Math.abs
3,0.340998289,0.2390039,0,0,0,0,0,java.nio.ByteBuffer.put
2,0.301914344,0.432135627,0,0,0,0,0,java.util.Arrays.binarySearch
2,0.351488902,0.414335063,0,0,0,0,0,java.lang.String.valueOf
1,0.348823799,0.443534707,0,0,0,0,0,java.lang.StringBuilder.append
1,0.287579772,0.514523779,0,0,0,0,0,java.util.Arrays.copyOfRange
0,0.181592984,0.466501674,0,0,0,0,0,java.lang.System.arraycopy
5,0.31026676,0.536983832,0,0,0,0,0,java.util.regex.Pattern.quote
4,0.357147723,0.531605984,0,0,0,0,0,java.lang.String.split
10,0.382840474,0.495157868,1,0,0,0,0,java.lang.String.replace
8,0.370558673,0.640778393,0,0,1,0,0,java.lang.String.replaceAll
3,0.222476704,0.541286401,0,0,0,0,0,java.lang.StringBuilder.deleteCharAt
2,0.28935755,0.49391987,0,0,0,0,0,java.lang.Integer.parseInt
2,0.325856043,0.531183495,0,0,0,0,0,java.lang.String.toCharArray
1,0.181566655,0.488170359,0,0,0,0,0,java.lang.Byte.parseByte
1,0.17444828,0.48388811,0,0,0,0,0,java.lang.Long.parseLong
0,0.129995589,0.48149352,0,0,0,0,0,java.lang.Short.parseShort
5,0.549652322,0.581851067,0,0,0,0,0,java.util.Date.from
4,0.416459928,0.570904988,0,0,0,0,0,java.util.Calendar.getTime
4,0.251332811,0.488434806,0,0,0,0,0,java.time.Instant.ofEpochSecond
3,0.495262527,0.528789821,0,0,0,0,0,java.util.Date.getTime
3,0.429820902,0.303398065,0,0,0,0,0,java.text.DateFormat.format
2,0.404778426,0.401288881,0,0,0,0,0,java.time.ZoneId.of
2,0.357310616,0.403631322,0,0,0,0,0,java.time.Instant.parse
10,0.329925345,0.507000633,1,0,0,0,0,java.lang.System.currentTimeMillis
1,0.348077974,0.422140181,0,0,0,0,0,java.sql.ResultSet.getDate
0,0.331371992,0.375580916,0,0,0,0,0,java.lang.String.format
5,0.256089334,0.665662214,0,0,0,0,0,java.lang.Math.sqrt
10,0.168555616,0.78090326,1,0,0,0,0,java.lang.Math.cbrt
9,0.252202544,0.449386136,0,1,0,0,0,java.lang.Math.pow
3,0.250199429,0.469109263,0,0,0,0,0,java.lang.Math.abs
3,0.264895699,0.463524041,0,0,0,0,0,java.lang.Math.atan2
2,0.315343922,0.426780406,0,0,0,0,0,java.lang.Integer.parseInt
2,0.24592084,0.4669985,0,0,0,0,0,java.util.Random.nextInt
1,0.244509383,0.395874741,0,0,0,0,0,java.lang.String.split
1,0.379746703,0.363536878,0,0,0,0,0,java.awt.geom.AffineTransform.getRotateInstance
0,0.252497161,0.449323593,0,0,0,0,0,java.lang.String.indexOf
9,0.5008154,0.550893704,0,1,0.979494955,0.882450365,0,java.lang.String.split
4,0.433199328,0.501292034,0,0,0,0,0,java.util.regex.Pattern.split
4,0.343977097,0.528455444,0,0,0,0,0,java.util.regex.Pattern.quote
3,0.290728593,0.481561759,0,0,0,0,0,java.util.Arrays.toString
3,0.374179882,0.458959624,0,0,0,0,0,java.lang.String.length
2,0.273634118,0.389367906,0,0,0,0,0,java.util.Arrays.asList
2,0.358566311,0.499424066,0,0,0,0,0,java.lang.String.format
1,0.350740763,0.495186965,0,0,0,0,0,java.lang.StringBuilder.append
1,0.276975874,0.348566869,0,0,0,0,0,java.util.Scanner.next
0,0.438736481,0.515757984,0,0,0,0,0,java.lang.String.trim
5,0.355070712,0.564182108,0,0,0,0,0,java.util.regex.Pattern.compile
9,0.322518891,0.615155363,0,1,0,0.661626405,0,java.lang.String.replaceAll
4,0.386644245,0.410655396,0,0,0,0,0,java.util.regex.Matcher.replaceFirst
3,0.280780232,0.527393684,0,0,0,0,0,java.lang.String.matches
3,0.425670079,0.411448024,0,0,0,0,0,java.util.regex.Pattern.quote
10,0.293070274,0.585662031,1,0,0,0,0,java.lang.String.split
2,0.334265526,0.437921632,0,0,0,0,0,java.util.regex.Matcher.quoteReplacement
8,0.327265861,0.371964699,0,0,0.661626405,0,0,java.lang.String.replace
1,0.359970731,0.297670465,0,0,0,0,0,java.util.regex.Matcher.find
0,0.303020832,0.443887728,0,0,0,0,0,java.lang.Character.isUpperCase
9,0.357074852,0.682699712,0,1,0,0,0,java.lang.Math.pow
4,0.374460563,0.51530227,0,0,0,0,0,java.math.BigDecimal.pow
4,0.393117171,0.429805743,0,0,0,0,0,java.lang.Integer.parseInt
3,0.353511566,0.399131452,0,0,0,0,0,java.lang.Double.valueOf
3,0.347270302,0.340485794,0,0,0,0,0,java.lang.String.split
2,0.36078273,0.497184384,0,0,0,0,0,java.math.BigDecimal.setScale
2,0.386836098,0.401490882,0,0,0,0,0,java.math.BigDecimal.divide
1,0.396372818,0.411245111,0,0,0,0,0,java.math.BigInteger.pow
1,0.297401293,0.345939841,0,0,0,0,0,java.lang.Character.getNumericValue
0,0.302952404,0.488763389,0,0,0,0,0,java.text.NumberFormat.format
10,0.354940108,0.44218174,1,0,0,0,0,java.lang.String.split
4,0.35098163,0.465487168,0,0,0,0,0,java.lang.String.indexOf
4,0.26802459,0.482270286,0,0,0,0,0,java.util.Arrays.asList
3,0.348693405,0.490475054,0,0,0,0,0,java.lang.String.contains
3,0.362963152,0.456979253,0,0,0,0,0,java.util.regex.Matcher.find
2,0.300289245,0.429839384,0,0,0,0,0,java.util.regex.Matcher.group
2,0.288949393,0.509335765,0,0,0,0,0,java.util.regex.Matcher.end
1,0.287512858,0.379576644,0,0,0,0,0,java.util.regex.Pattern.split
1,0.153722496,0.42348384,0,0,0,0,0,java.lang.System.arraycopy
0,0.294974026,0.461589831,0,0,0,0,0,java.util.Arrays.toString
10,0.661008318,0.597635043,1,0,0.948277371,0,0,java.lang.Math.round
4,0.550906519,0.506760901,0,0,0,0,0,java.lang.Math.ceil
4,0.671689383,0.55816477,0,0,0,0,0,java.math.BigDecimal.round
3,0.511856622,0.386872255,0,0,0,0,0,java.lang.Double.toString
3,0.541436809,0.496838756,0,0,0,0,0,java.lang.Math.floor
2,0.34886052,0.54399971,0,0,0,0,0,java.time.Instant.ofEpochMilli
2,0.482844056,0.364665776,0,0,0,0,0,java.lang.Math.ulp
1,0.547270967,0.434862859,0,0,0,0,0,java.math.BigDecimal.setScale
1,0.401298669,0.498525221,0,0,0,0,0,java.lang.Math.log10
0,0.507263787,0.375052045,0,0,0,0,0,java.lang.Math.abs
5,0.385325184,0.52127142,0,0,0,0,0,java.lang.Integer.valueOf
4,0.34540905,0.471773646,0,0,0,0,0,java.lang.Double.valueOf
9,0.393966976,0.481960028,0,0.794447068,0,0,0,java.lang.Integer.parseInt
3,0.311801098,0.407653135,0,0,0,0,0,java.util.Arrays.toString
3,0.288114236,0.489920881,0,0,0,0,0,java.lang.Long.valueOf
2,0.389095928,0.416807555,0,0,0,0,0,java.lang.Integer.toString
2,0.359185526,0.473670261,0,0,0,0,0,java.lang.Double.parseDouble
1,0.347396865,0.438263968,0,0,0,0,0,java.lang.Double.toString
1,0.334474058,0.556324617,0,0,0,0,0,java.math.BigDecimal.doubleValue
0,0.30840739,0.440623977,0,0,0,0,0,java.lang.Math.round
5,0.348079502,0.562202964,0,0,0,0,0,java.lang.String.replaceFirst
6,0.378816553,0.560034805,0,0,0,0,0.6885479,java.lang.String.replaceAll
4,0.398848022,0.534974716,0,0,0,0,0,java.util.regex.Pattern.compile
3,0.519970546,0.535554816,0,0,0,0,0,java.util.regex.Matcher.find
3,0.422196459,0.528624967,0,0,0,0,0,java.util.regex.Pattern.quote
10,0.385511751,0.48646259,1,0,0,0,0,java.lang.String.matches
7,0.353636093,0.517326754,0,0,0,0.6885479,0,java.lang.String.split
1,0.345071977,0.556042856,0,0,0,0,0,java.lang.String.indexOf
1,0.343858772,0.463662752,0,0,0,0,0,java.lang.String.contains
0,0.298122021,0.490336496,0,0,0,0,0,java.util.Scanner.next
5,0.399290179,0.610244361,0,0,0,0,0,java.lang.Object.hashCode
4,0.430140247,0.58095157,0,0,0,0,0,java.util.Arrays.hashCode
4,0.558388575,0.604339433,0,0,0,0,0,java.util.Objects.hash
3,0.456221773,0.485246858,0,0,0,0,0,java.math.BigDecimal.valueOf
3,0.47232715,0.557046001,0,0,0,0,0,java.lang.Double.toString
2,0.45961629,0.607311155,0,0,0,0,0,java.math.BigInteger.doubleValue
2,0.404906935,0.54867126,0,0,0,0,0,java.util.Objects.hashCode
7,0.479149619,0.545957604,0,0,0,1,0,java.lang.Double.valueOf
1,0.383786987,0.433343311,0,0,0,0,0,java.util.Arrays.equals
0,0.384807135,0.42827887,0,0,0,0,0,java.util.Arrays.sort
5,0.407668986,0.552378236,0,0,0,0,0,java.lang.System.getProperties
9,0.407668986,0.521596007,0,1,0,0,0,java.lang.System.getProperty
10,0.417497253,0.53845843,1,0,0,0,0,java.lang.System.setProperty
3,0.280687014,0.338541079,0,0,0,0,0,java.nio.channels.FileChannel.open
3,0.286016577,0.291331889,0,0,0,0,0,java.lang.ProcessBuilder.environment
2,0.212134186,0.302660816,0,0,0,0,0,java.nio.file.Files.newByteChannel
2,0.417497253,0.641611313,0,0,0,0,0,java.lang.System.setProperties
1,0.328959555,0.344295821,0,0,0,0,0,java.nio.file.Files.write
1,0.223266909,0.484698179,0,0,0,0,0,java.lang.SecurityManager.checkPropertiesAccess
0,0.175015182,0.499449888,0,0,0,0,0,java.lang.SecurityManager.checkPropertyAccess
9,0.325751371,0.49877035,0,1,0,0.644257079,0,java.lang.Class.forName
4,0.322736864,0.556765406,0,0,0,0,0,java.lang.reflect.Constructor.newInstance
4,0.169343613,0.308514081,0,0,0,0,0,java.lang.System.getProperties
3,0.315151799,0.552147491,0,0,0,0,0,java.lang.Class.getDeclaredMethod
3,0.164058483,0.402810209,0,0,0,0,0,java.io.File.listFiles
2,0.297775567,0.523197458,0,0,0,0,0,java.lang.Class.getDeclaredFields
2,0.252171412,0.484256212,0,0,0,0,0,java.lang.ClassLoader.loadClass
1,0.322213064,0.48926703,0,0,0,0,0,java.lang.Class.isInstance
8,0.169343613,0.385994496,0,0,0.686530901,0,0,java.lang.System.getProperty
10,0.325003854,0.537615364,1,0,0,0,0.644257079,java.lang.Class.newInstance
9,0.515010103,0.613083554,0,1,0.698608216,0,0,java.lang.String.contains
4,0.333046875,0.396877514,0,0,0,0,0,java.lang.Integer.parseInt
4,0.381845593,0.479971843,0,0,0,0,0,java.lang.String.indexOf
3,0.220921434,0.387440119,0,0,0,0,0,java.lang.Long.parseLong
3,0.409292456,0.463939702,0,0,0,0,0,java.lang.String.equals
10,0.389548258,0.448894285,1,0,0,0,0,java.lang.String.split
2,0.385734001,0.471694108,0,0,0,0,0,java.lang.String.trim
1,0.338086718,0.62813411,0,0,0,0,0,java.lang.Character.isLetter
1,0.352308223,0.471918428,0,0,0,0,0,java.util.Arrays.equals
0,0.44259218,0.522275681,0,0,0,0,0,java.lang.String.matches
5,0.461952305,0.473012215,0,0,0,0,0,java.lang.StringBuilder.append
4,0.61037092,0.59269873,0,0,0,0,0,java.lang.String.concat
9,0.548127446,0.467295069,0,0.656808164,0.642253332,0,0,java.lang.String.split
3,0.478205145,0.419519167,0,0,0,0,0,java.lang.String.valueOf
3,0.417706917,0.412314997,0,0,0,0,0,java.lang.String.intern
2,0.402319747,0.37171041,0,0,0,0,0,java.util.Arrays.sort
2,0.428468101,0.397407752,0,0,0,0,0,java.lang.Integer.parseInt
1,0.443792667,0.366311322,0,0,0,0,0,java.lang.Integer.toString
1,0.419581589,0.436872455,0,0,0,0,0,java.lang.Double.toString
0,0.514537888,0.460403816,0,0,0,0,0,java.lang.String.substring
6,0.433607968,0.558280692,0,0,0,0,1,java.lang.Integer.parseInt
4,0.427923553,0.524160355,0,0,0,0,0,java.lang.Integer.valueOf
4,0.417801124,0.656540178,0,0,0,0,0,java.lang.Integer.toBinaryString
3,0.174165167,0.624060308,0,0,0,0,0,javax.xml.bind.DatatypeConverter.printHexBinary
3,0.379758706,0.516539975,0,0,0,0,0,java.lang.Double.valueOf
2,0.432260461,0.496748046,0,0,0,0,0,java.lang.Integer.toString
7,0.372595858,0.606091448,0,0,0,1,0,java.lang.String.toCharArray
1,0.299892971,0.522778185,0,0,0,0,0,java.lang.Long.parseLong
1,0.483029623,0.638476245,0,0,0,0,0,java.lang.Integer.decode
0,0.300213386,0.641698031,0,0,0,0,0,java.lang.Long.toHexString
7,0.514576619,0.709961973,0,0,0,0.766278164,0,java.lang.Boolean.toString
4,0.497396238,0.717014739,0,0,0,0,0,java.lang.Boolean.booleanValue
4,0.44613205,0.582777204,0,0,0,0,0,java.lang.String.valueOf
3,0.337067888,0.496161626,0,0,0,0,0,java.util.Arrays.fill
3,0.373238503,0.503757861,0,0,0,0,0,java.util.Arrays.toString
9,0.442001609,0.663084977,0,1,0,0,0,java.lang.Boolean.parseBoolean
2,0.424033997,0.579986852,0,0,0,0,0,java.lang.String.toCharArray
1,0.43009866,0.556491987,0,0,0,0,0,java.lang.Integer.valueOf
6,0.419690459,0.494771204,0,0,0,0,0.67074379,java.lang.Integer.parseInt
0,0.404984782,0.456057059,0,0,0,0,0,java.lang.Enum.valueOf
8,0.218738498,0.375522428,0,0,0.686530901,0,0,java.lang.Class.forName
4,0.129926414,0.332537927,0,0,0,0,0,java.awt.im.InputContext.selectInputMethod
4,0.208551679,0.303460136,0,0,0,0,0,java.io.File.listFiles
3,0.148146986,0.262884891,0,0,0,0,0,java.lang.Thread.getStackTrace
3,0.158534496,0.359312868,0,0,0,0,0,java.lang.Class.isPrimitive
10,0.23087416,0.369582802,1,0,0,0,0,java.lang.System.getProperty
2,0.191041267,0.293849417,0,0,0,0,0,java.io.File.getCanonicalPath
1,0.219151008,0.386210175,0,0,0,0,0,java.lang.Class.isInstance
1,0.20913506,0.354247783,0,0,0,0,0,java.lang.Class.getName
0,0.192340296,0.326036817,0,0,0,0,0,java.lang.Class.getDeclaredFields
10,0.472813634,0.604476975,1,0,0,0,0,java.lang.String.charAt
7,0.453937768,0.628535261,0,0,0,0.64702097,0,java.lang.String.indexOf
4,0.391672768,0.55393102,0,0,0,0,0,java.lang.String.getChars
3,0.420769666,0.560514482,0,0,0,0,0,java.lang.String.toCharArray
3,0.409295759,0.596135468,0,0,0,0,0,java.lang.StringBuilder.charAt
2,0.411181796,0.511209198,0,0,0,0,0,java.lang.Character.codePointAt
2,0.429816511,0.493445005,0,0,0,0,0,java.lang.String.toUpperCase
1,0.486367297,0.519750472,0,0,0,0,0,java.lang.Character.toString
8,0.465516659,0.448609213,0,0,0.71704815,0,0,java.lang.String.split
0,0.425855529,0.480339556,0,0,0,0,0,java.lang.Character.isDigit
8,0.308794393,0.509899647,0,0,1,0,0.743943853,java.lang.Runtime.exec
4,0.322366457,0.485531415,0,0,0,0,0,java.lang.System.exit
4,0.378466831,0.254026994,0,0,0,0,0,java.lang.ProcessBuilder.environment
3,0.365066506,0.34784323,0,0,0,0,0,java.lang.ProcessBuilder.inheritIO
3,0.247448196,0.355558974,0,0,0,0,0,java.lang.Process.getInputStream
2,0.387629784,0.269035718,0,0,0,0,0,java.lang.ProcessBuilder.directory
10,0.273137206,0.282208328,1,0,0,0.743943853,0,java.lang.Runtime.getRuntime
1,0.243810185,0.355558974,0,0,0,0,0,java.lang.Process.getOutputStream
1,0.164239299,0.277437574,0,0,0,0,0,javax.swing.JOptionPane.showInputDialog
0,0.24432409,0.243262189,0,0,0,0,0,java.lang.System.setProperty
5,0.20090432,0.788727551,0,0,0,0,0,javax.xml.bind.DatatypeConverter.printHexBinary
4,0.466277355,0.595357531,0,0,0,0,0,java.util.Arrays.toString
4,0.418731804,0.551493344,0,0,0,0,0,java.util.Arrays.deepToString
3,0.439218716,0.563330874,0,0,0,0,0,java.lang.Integer.valueOf
3,0.439080867,0.539683734,0,0,0,0,0,java.lang.Integer.toString
2,0.432735008,0.6022864,0,0,0,0,0,java.lang.Integer.parseInt
2,0.378437181,0.589598722,0,0,0,0,0,java.lang.Double.parseDouble
1,0.211701574,0.51597952,0,0,0,0,0,java.lang.System.arraycopy
1,0.331791447,0.577669395,0,0,0,0,0,java.lang.Long.valueOf
0,0.328111144,0.575398437,0,0,0,0,0,java.lang.Short.valueOf
5,0.274035446,0.616176504,0,0,0,0,0,java.lang.String.toLowerCase
4,0.021650178,0.420496837,0,0,0,0,0,java.beans.Introspector.decapitalize
6,0.319011466,0.550809404,0,0,0,0,1,java.lang.Character.toUpperCase
3,0.305833884,0.553333966,0,0,0,0,0,java.lang.Character.toLowerCase
3,0.293327894,0.483962851,0,0,0,0,0,java.lang.String.equalsIgnoreCase
2,0.3015861,0.521902422,0,0,0,0,0,java.lang.String.indexOf
2,0.249549932,0.443549796,0,0,0,0,0,java.lang.Character.isUpperCase
1,0.023741174,0.367936298,0,0,0,0,0,java.lang.System.arraycopy
1,0.270982123,0.327749668,0,0,0,0,0,java.lang.String.compareTo
0,0.285860546,0.41973024,0,0,0,0,0,java.lang.Integer.parseInt
5,0.41351793,0.501390271,0,0,0,0,0,java.util.Scanner.next
9,0.445200206,0.497101837,0,1,0,0,0,java.util.Scanner.nextLine
4,0.404963025,0.494578118,0,0,0,0,0,java.util.Scanner.hasNext
3,0.362541455,0.454005287,0,0,0,0,0,java.util.Scanner.findInLine
3,0.303745091,0.388969942,0,0,0,0,0,java.lang.String.split
2,0.416180167,0.477892277,0,0,0,0,0,java.util.Scanner.useDelimiter
2,0.308736573,0.449834031,0,0,0,0,0,java.lang.Integer.parseInt
1,0.241680967,0.432981191,0,0,0,0,0,java.util.List.toArray
1,0.2735163,0.466100304,0,0,0,0,0,java.util.regex.Matcher.find
0,0.291576989,0.480640948,0,0,0,0,0,java.lang.Class.forName
5,0.35652442,0.46921634,0,0,0,0,0,java.lang.Class.forName
4,0.283309024,0.579902749,0,0,0,0,0,java.lang.ClassLoader.getSystemResource
4,0.368854705,0.454085422,0,0,0,0,0,java.lang.Class.getResource
3,0.299843107,0.102478166,0,0,0,0,0,java.lang.ClassLoader.defineClass
3,0.289640143,0.459223129,0,0,0,0,0,java.lang.ClassLoader.getSystemClassLoader
2,0.305002012,0.511463917,0,0,0,0,0,java.lang.ClassLoader.loadClass
2,0.306244305,0.503895205,0,0,0,0,0,java.lang.reflect.Constructor.newInstance
1,0.321668817,0.410097412,0,0,0,0,0,java.lang.reflect.Method.invoke
1,0.355109686,0.512479415,0,0,0,0,0,java.lang.Class.newInstance
0,0.330622813,0.492166763,0,0,0,0,0,java.lang.Class.getDeclaredField
5,0.313092531,0.57541602,0,0,0,0,0,java.lang.Runtime.exec
4,0.446040185,0.345936959,0,0,0,0,0,java.lang.ProcessBuilder.start
4,0.299720857,0.353103496,0,0,0,0,0,java.lang.Process.waitFor
3,0.388706646,0.35764231,0,0,0,0,0,java.lang.ProcessBuilder.inheritIO
3,0.510724886,0.302380666,0,0,0,0,0,java.lang.ProcessBuilder.command
2,0.257791488,0.383905001,0,0,0,0,0,java.lang.Process.getOutputStream
2,0.401069768,0.298550424,0,0,0,0,0,java.lang.ProcessBuilder.directory
1,0.257030315,0.383905001,0,0,0,0,0,java.lang.Process.getInputStream
1,0.236873953,0.385615634,0,0,0,0,0,java.lang.Process.getErrorStream
0,0.269149421,0.25221637,0,0,0,0,0,java.lang.Runtime.getRuntime
10,0.602313242,0.635013623,1,0,1,0.948905143,0,java.lang.String.split
4,0.494201421,0.560077176,0,0,0,0,0,java.util.regex.Pattern.split
4,0.505119637,0.585823483,0,0,0,0,0,java.lang.String.replaceAll
3,0.357961442,0.551930695,0,0,0,0,0,java.util.regex.Pattern.quote
3,0.327677167,0.498024371,0,0,0,0,0,java.util.Arrays.deepToString
2,0.528745008,0.489922105,0,0,0,0,0,java.lang.String.trim
2,0.387444028,0.576509633,0,0,0,0,0,java.lang.Integer.parseInt
1,0.435685337,0.508228607,0,0,0,0,0,java.lang.String.contains
1,0.375175449,0.537516584,0,0,0,0,0,java.util.Arrays.toString
6,0.436938977,0.553335537,0,0,0,0,0.915379885,java.lang.String.toCharArray
5,0.434467175,0.529637536,0,0,0,0,0,java.util.concurrent.ExecutorService.shutdownNow
4,0.431998955,0.474484856,0,0,0,0,0,java.util.concurrent.ExecutorService.invokeAll
4,0.388340272,0.436106891,0,0,0,0,0,java.util.concurrent.ExecutorService.submit
3,0.410752047,0.35750891,0,0,0,0,0,java.util.concurrent.Executors.newFixedThreadPool
3,0.451574867,0.430348551,0,0,0,0,0,java.util.concurrent.ExecutorService.shutdown
2,0.383588168,0.397086811,0,0,0,0,0,java.util.concurrent.Executors.newCachedThreadPool
2,0.44151111,0.483364583,0,0,0,0,0,java.util.concurrent.ExecutorService.awaitTermination
1,0.351213161,0.074091672,0,0,0,0,0,java.lang.Thread.stop
1,0.304300313,0.364533578,0,0,0,0,0,java.util.concurrent.Executors.defaultThreadFactory
0,0.468546872,0.430348551,0,0,0,0,0,java.util.concurrent.ScheduledThreadPoolExecutor.shutdown
5,0.408796175,0.629031109,0,0,0,0,0,java.lang.Character.toUpperCase
4,0.406126567,0.62582542,0,0,0,0,0,java.lang.Character.toLowerCase
4,0.42326073,0.527173196,0,0,0,0,0,java.lang.String.toLowerCase
3,0.229425908,0.538236125,0,0,0,0,0,java.lang.Character.isUpperCase
10,0.42729878,0.536041313,1,0,0,0,0,java.lang.String.toUpperCase
2,0.329386849,0.429994351,0,0,0,0,0,java.util.Arrays.toString
2,0.414759883,0.446452425,0,0,0,0,0,java.lang.String.valueOf
1,0.384004084,0.38564258,0,0,0,0,0,java.lang.String.compareTo
1,0.42520398,0.468976993,0,0,0,0,0,java.lang.String.replaceFirst
0,0.437755233,0.463823354,0,0,0,0,0,java.lang.String.indexOf
5,0.381079609,0.586072552,0,0,0,0,0,javax.swing.JFileChooser.setFileSelectionMode
4,0.384754373,0.507176218,0,0,0,0,0,javax.swing.JFileChooser.getCurrentDirectory
4,0.258809724,0.464882313,0,0,0,0,0,java.nio.file.Files.newDirectoryStream
3,0.245000787,0.45448413,0,0,0,0,0,javax.swing.UIManager.getDefaults
3,0.280779608,0.31267816,0,0,0,0,0,java.nio.file.Files.walkFileTree
2,0.248306663,0.481766627,0,0,0,0,0,java.io.File.list
2,0.158429335,0.368730587,0,0,0,0,0,java.lang.Runtime.exec
1,0.278984901,0.42745532,0,0,0,0,0,javax.swing.UIManager.put
1,0.267918694,0.441230471,0,0,0,0,0,java.io.File.listFiles
0,0.278733081,0.530409277,0,0,0,0,0,javax.swing.JFrame.setIconImage
9,0.45437102,0.523899671,0,1,0,0,0,java.lang.Thread.sleep
4,0.272778427,0.529151588,0,0,0,0,0,java.lang.Object.wait
4,0.398940397,0.456461317,0,0,0,0,0,java.lang.Thread.interrupt
3,0.286741377,0.44087826,0,0,0,0,0,java.lang.Thread.join
3,0.331170862,0.104734407,0,0,0,0,0,java.lang.Thread.stop
2,0.386165468,0.423065141,0,0,0,0,0,java.util.Random.nextInt
2,0.393193814,0.369070365,0,0,0,0,0,java.lang.Thread.isInterrupted
1,0.243989683,0.444900081,0,0,0,0,0,java.util.Collections.shuffle
10,0.357283177,0.27956505,1,0,0,0,0,java.lang.Math.random
0,0.398940397,0.391913008,0,0,0,0,0,java.lang.Thread.interrupted
5,0.235859881,0.318890937,0,0,0,0,0,org.w3c.dom.Node.getNodeName
4,0.422769512,0.530826496,0,0,0,0,0,java.util.Arrays.toString
4,0.376845963,0.491677928,0,0,0,0,0,java.util.Arrays.deepToString
3,0.439574716,0.532867406,0,0,0,0,0,java.lang.Character.toString
3,0.360687811,0.600264187,0,0,0,0,0,java.lang.Double.valueOf
2,0.346256464,0.58755321,0,0,0,0,0,java.lang.Double.parseDouble
10,0.479008006,0.485366595,1,0,0,0,0,java.lang.String.split
1,0.184601677,0.468671083,0,0,0,0,0,java.lang.System.arraycopy
1,0.396478061,0.495658386,0,0,0,0,0,java.util.Arrays.asList
0,0.443680088,0.50503814,0,0,0,0,0,java.lang.String.valueOf
9,0.391961561,0.495914735,0,0.907435536,0,0,0,java.lang.String.replaceAll
10,0.457665535,0.407748127,1,0,0,0,0,java.lang.String.replace
4,0.347357426,0.405407233,0,0,0,0,0,java.util.regex.Matcher.appendReplacement
3,0.392759617,0.449092608,0,0,0,0,0,java.util.regex.Matcher.replaceAll
3,0.341548744,0.397638542,0,0,0,0,0,java.io.BufferedWriter.newLine
2,0.376444205,0.368491903,0,0,0,0,0,java.lang.String.split
2,0.294490774,0.468595116,0,0,0,0,0,java.util.regex.Matcher.quoteReplacement
1,0.267287557,0.336828978,0,0,0,0,0,java.lang.Integer.toHexString
1,0.268093974,0.326319253,0,0,0,0,0,java.io.BufferedReader.readLine
0,0.25809873,0.339355006,0,0,0,0,0,java.lang.Integer.parseInt
9,0.355315543,0.484195517,0,1,0,0,0,java.lang.Class.isInstance
10,0.498372018,0.624218194,1,0,0,0,0,java.lang.Class.cast
4,0.350073889,0.561890993,0,0,0,0,0,java.lang.String.valueOf
3,0.409155827,0.575450456,0,0,0,0,0,java.lang.Object.toString
3,0.167422519,0.351139871,0,0,0,0,0,java.lang.System.arraycopy
2,0.361850284,0.514773757,0,0,0,0,0,java.lang.reflect.Constructor.newInstance
2,0.356013222,0.457926903,0,0,0,0,0,java.util.ArrayList.toArray
1,0.346833085,0.495786447,0,0,0,0,0,java.lang.reflect.Array.newInstance
1,0.309797934,0.444118759,0,0,0,0,0,java.util.Arrays.asList
0,0.322773249,0.353237701,0,0,0,0,0,java.lang.String.split
5,0.436964714,0.618354624,0,0,0,0,0,java.lang.Integer.valueOf
4,0.372078239,0.667735126,0,0,0,0,0,java.lang.String.toCharArray
4,0.432466605,0.481864484,0,0,0,0,0,java.lang.Integer.toString
3,0.365310557,0.521216916,0,0,0,0,0,java.lang.Double.toString
3,0.351035786,0.487385565,0,0,0,0,0,java.util.Arrays.toString
2,0.406375714,0.575933657,0,0,0,0,0,java.lang.Integer.toHexString
9,0.43710384,0.572159567,0,0.893033632,0,0,0,java.lang.Integer.parseInt
1,0.366334347,0.563206738,0,0,0,0,0,java.lang.Double.parseDouble
1,0.258667575,0.494804211,0,0,0,0,0,java.nio.ByteBuffer.getInt
0,0.402025562,0.498729519,0,0,0,0,0,java.lang.String.valueOf
10,0.462204603,0.558690466,1,0,0.695572167,0,0,java.lang.Integer.parseInt
4,0.356064918,0.514323764,0,0,0,0,0,java.lang.Long.parseLong
9,0.4442192,0.646699222,0,1,0,0,0,java.lang.Integer.toHexString
3,0.258552304,0.509167123,0,0,0,0,0,java.lang.Long.parseUnsignedLong
3,0.346641204,0.632526055,0,0,0,0,0,java.lang.Long.toHexString
2,0.471840811,0.559432768,0,0,0,0,0,java.lang.Integer.decode
2,0.323772098,0.543980409,0,0,0,0,0,java.lang.Short.parseShort
1,0.343041946,0.411572637,0,0,0,0,0,java.lang.Long.toString
1,0.344652821,0.564707993,0,0,0,0,0,java.lang.Byte.toUnsignedInt
0,0.454812144,0.496783247,0,0,0,0,0,java.lang.Integer.toUnsignedLong
5,0.209747728,0.479894287,0,0,0,0,0,java.util.Collection.retainAll
10,0.299286139,0.514502692,1,0,0,0,0,java.lang.String.replaceAll
4,0.301936915,0.471304384,0,0,0,0,0,java.lang.String.indexOf
3,0.167491254,0.474458718,0,0,0,0,0,java.util.Set.retainAll
3,0.295031077,0.505738904,0,0,0,0,0,java.lang.Character.isLetter
2,0.347587026,0.450947745,0,0,0,0,0,java.lang.String.replace
2,0.213860438,0.504648518,0,0,0,0,0,java.lang.StringBuilder.deleteCharAt
1,0.307749282,0.403745696,0,0,0,0,0,java.lang.String.split
1,0.186467396,0.366756937,0,0,0,0,0,java.util.Map.keySet
0,0.32076243,0.443148636,0,0,0,0,0,java.lang.String.charAt
10,0.381481244,0.669114101,1,0,0,0,0,java.lang.Class.getDeclaredFields
4,0.35139804,0.71802793,0,0,0,0,0,java.lang.Class.getFields
4,0.672018579,0.500158485,0,0,0,0,0,java.lang.reflect.Field.get
3,0.375982247,0.646012532,0,0,0,0,0,java.lang.Class.getDeclaredMethods
3,0.291128513,0.632573152,0,0,0,0,0,java.lang.Class.getDeclaredClasses
2,0.554530811,0.545223342,0,0,0,0,0,java.lang.reflect.Field.getType
2,0.381481244,0.619989041,0,0,0,0,0,java.lang.Class.getDeclaredField
1,0.35139804,0.676765851,0,0,0,0,0,java.lang.Class.getField
1,0.505208334,0.517099465,0,0,0,0,0,java.lang.reflect.Field.getModifiers
0,0.385652539,0.47300952,0,0,0,0,0,java.lang.Enum.valueOf
10,0.477167579,0.552990832,1,0,0,0.662300049,0,java.lang.String.replaceAll
9,0.549168046,0.478456612,0,0.907435536,0.662300049,0,0,java.lang.String.replace
4,0.326290594,0.566934935,0,0,0,0,0,java.util.regex.Matcher.quoteReplacement
3,0.427608936,0.522959047,0,0,0,0,0,java.util.regex.Matcher.replaceAll
3,0.379379388,0.406501803,0,0,0,0,0,java.util.regex.Matcher.appendReplacement
2,0.433419549,0.548367139,0,0,0,0,0,java.lang.String.replaceFirst
2,0.456741677,0.436442804,0,0,0,0,0,java.lang.String.split
1,0.340490463,0.441954059,0,0,0,0,0,java.lang.Integer.toHexString
1,0.356183711,0.422028297,0,0,0,0,0,java.lang.Integer.parseInt
0,0.382233204,0.461658396,0,0,0,0,0,java.util.regex.Pattern.quote
10,0.301417404,0.711830187,1,0,0,0,0,java.lang.System.gc
4,0.293885434,0.711830187,0,0,0,0,0,java.lang.Runtime.gc
4,0.301957141,0.360522769,0,0,0,0,0,java.util.stream.Stream.collect
3,0.359389133,0.322362749,0,0,0,0,0,java.util.Collections.synchronizedList
3,0.304572062,0.375709044,0,0,0,0,0,java.util.Collection.stream
2,0.211805787,0.280136149,0,0,0,0,0,java.util.stream.Stream.forEach
2,0.169842786,0.414575262,0,0,0,0,0,java.lang.Thread.currentThread
1,0.417046018,0.469055997,0,0,0,0,0,java.util.stream.Collectors.toList
1,0.23451836,0.376555209,0,0,0,0,0,java.lang.Object.wait
0,0.137868381,0.317277119,0,0,0,0,0,java.lang.Runtime.getRuntime
5,0.397298791,0.540180845,0,0,0,0,0,java.lang.Double.valueOf
4,0.338691395,0.587297909,0,0,0,0,0,java.math.BigDecimal.toEngineeringString
4,0.407002343,0.522229704,0,0,0,0,0,java.lang.Double.toString
3,0.419873384,0.510840596,0,0,0,0,0,java.lang.Double.parseDouble
3,0.428496043,0.641353108,0,0,0,0,0,java.math.BigDecimal.toString
2,0.391734651,0.591426975,0,0,0,0,0,java.math.BigDecimal.toPlainString
2,0.438955036,0.471515118,0,0,0,0,0,java.math.BigDecimal.setScale
10,0.343198071,0.483369204,1,0,0,0,0,java.lang.String.format
1,0.41536609,0.487296035,0,0,0,0,0,java.math.BigDecimal.valueOf
0,0.366768258,0.516072141,0,0,0,0,0,java.lang.Math.floor
5,0.275414038,0.666386322,0,0,0,0,0,java.lang.Class.getInterfaces
10,0.310076485,0.639108565,1,0,0,0,0,java.lang.Class.isAssignableFrom
9,0.313143606,0.5383724,0,0.707112549,0,0,0,java.lang.Class.forName
3,0.309660324,0.569252645,0,0,0,0,0,java.lang.Class.isInstance
3,0.308418575,0.599588829,0,0,0,0,0,java.lang.Class.getMethod
2,0.264724654,0.505900623,0,0,0,0,0,java.lang.Class.getSuperclass
2,0.288754869,0.563079474,0,0,0,0,0,java.lang.Class.asSubclass
1,0.289857118,0.404219602,0,0,0,0,0,java.util.Collection.add
1,0.192468226,0.483144429,0,0,0,0,0,java.beans.PropertyEditorManager.registerEditor
0,0.200436284,0.443204479,0,0,0,0,0,java.lang.Thread.currentThread
10,0.63432386,0.637121066,1,0,1,0.950094106,0,java.lang.String.split
9,0.54141071,0.570800707,0,1,0,0,0.950094106,java.lang.String.replaceAll
4,0.516560829,0.533068144,0,0,0,0,0,java.util.regex.Pattern.quote
3,0.650208193,0.524142829,0,0,0,0,0,java.util.regex.Pattern.split
3,0.486868864,0.477680369,0,0,0,0,0,java.util.regex.Pattern.compile
2,0.474086398,0.556413696,0,0,0,0,0,java.lang.String.format
2,0.492450473,0.474382564,0,0,0,0,0,java.lang.String.matches
1,0.371436184,0.482111128,0,0,0,0,0,java.util.Arrays.toString
1,0.348151668,0.115377366,0,0,0,0,0,java.net.URLDecoder.decode
0,0.540874657,0.396587409,0,0,0,0,0,java.util.regex.Matcher.group
10,0.63432386,0.637121066,1,0,1,0.950094106,0,java.lang.String.split
9,0.54141071,0.570800707,0,1,0,0,0.950094106,java.lang.String.replaceAll
4,0.516560829,0.533068144,0,0,0,0,0,java.util.regex.Pattern.quote
3,0.650208193,0.524142829,0,0,0,0,0,java.util.regex.Pattern.split
3,0.486868864,0.477680369,0,0,0,0,0,java.util.regex.Pattern.compile
2,0.474086398,0.556413696,0,0,0,0,0,java.lang.String.format
2,0.492450473,0.474382564,0,0,0,0,0,java.lang.String.matches
1,0.371436184,0.482111128,0,0,0,0,0,java.util.Arrays.toString
1,0.348151668,0.115377366,0,0,0,0,0,java.net.URLDecoder.decode
0,0.540874657,0.396587409,0,0,0,0,0,java.util.regex.Matcher.group
10,0.394259539,0.354004242,1,0,0,0,0,java.lang.String.split
4,0.339116858,0.410245984,0,0,0,0,0,java.util.regex.Pattern.quote
4,0.353760914,0.388899903,0,0,0,0,0,java.lang.Integer.parseInt
3,0.227795662,0.439220635,0,0,0,0,0,java.lang.System.lineSeparator
3,0.283003335,0.338141888,0,0,0,0,0,java.lang.Class.getResourceAsStream
2,0.229987087,0.307846525,0,0,0,0,0,java.lang.System.arraycopy
2,0.374045938,0.350105552,0,0,0,0,0,java.lang.String.startsWith
1,0.265027827,0.279569793,0,0,0,0,0,java.lang.reflect.Method.invoke
1,0.365880681,0.346120909,0,0,0,0,0,java.lang.String.contains
0,0.365692357,0.336800361,0,0,0,0,0,java.lang.String.endsWith
10,0.374646252,0.410823113,1,0,0,0,0,java.lang.String.format
4,0.375146588,0.425920951,0,0,0,0,0,java.text.MessageFormat.format
4,0.296346522,0.281343898,0,0,0,0,0,java.util.regex.Matcher.appendReplacement
3,0.285415086,0.31497766,0,0,0,0,0,java.util.Arrays.asList
3,0.342629711,0.082898804,0,0,0,0,0,java.lang.String.getBytes
2,0.325299046,0.434911976,0,0,0,0,0,java.lang.String.join
2,0.379533993,0.379769218,0,0,0,0,0,java.lang.String.split
1,0.324797992,0.375185837,0,0,0,0,0,java.lang.StringBuilder.insert
1,0.338448759,0.420425583,0,0,0,0,0,java.lang.String.toCharArray
0,0.230819391,0.288569333,0,0,0,0,0,java.util.Random.nextDouble
5,0.47427089,0.535018447,0,0,0,0,0,java.lang.Integer.parseInt
10,0.547723516,0.59157019,1,0,0,0,0,java.lang.String.format
4,0.306898669,0.491512664,0,0,0,0,0,java.lang.Long.parseLong
3,0.500664263,0.53520103,0,0,0,0,0,java.lang.String.substring
3,0.485091864,0.476523704,0,0,0,0,0,java.lang.Integer.toString
2,0.465119241,0.514693334,0,0,0,0,0,java.text.MessageFormat.format
2,0.358500397,0.509622215,0,0,0,0,0,java.lang.StringBuilder.insert
1,0.436012768,0.497456949,0,0,0,0,0,java.lang.String.valueOf
1,0.319750405,0.420239467,0,0,0,0,0,java.util.Random.nextInt
0,0.376108016,0.504453783,0,0,0,0,0,java.lang.StringBuilder.append
10,0.448804257,0.668736832,1,0,0,0,0,java.lang.String.contains
6,0.336515684,0.550044542,0,0,0,0,0.698608216,java.lang.String.split
4,0.389718027,0.58035575,0,0,0,0,0,java.lang.String.matches
3,0.340722461,0.592674031,0,0,0,0,0,java.lang.String.indexOf
3,0.244818031,0.643742355,0,0,0,0,0,java.util.List.containsAll
2,0.290909189,0.524895442,0,0,0,0,0,java.util.Arrays.binarySearch
2,0.304959694,0.483158726,0,0,0,0,0,java.lang.Object.equals
1,0.293750423,0.600595453,0,0,0,0,0,java.lang.Integer.valueOf
1,0.258860286,0.604051621,0,0,0,0,0,java.lang.Object.toString
0,0.366918755,0.523236538,0,0,0,0,0,java.lang.String.equals
10,0.475332007,0.466129093,1,0.782389786,0,0,0,java.lang.String.split
4,0.391277519,0.411217744,0,0,0,0,0,java.util.regex.Pattern.split
4,0.274347959,0.363594666,0,0,0,0,0,java.lang.StringBuilder.codePointAt
8,0.425267514,0.454353502,0,0,0.782389786,0,0,java.lang.String.trim
3,0.414015975,0.48056166,0,0,0,0,0,java.lang.String.replaceAll
2,0.262341938,0.345786651,0,0,0,0,0,java.lang.Math.pow
2,0.346851811,0.378341067,0,0,0,0,0,java.util.Arrays.sort
1,0.361886259,0.469666425,0,0,0,0,0,java.lang.String.toCharArray
1,0.391663008,0.411106396,0,0,0,0,0,java.lang.String.replace
0,0.260333195,0.408143179,0,0,0,0,0,java.lang.StringBuilder.appendCodePoint
5,0.439222753,0.486502144,0,0,0,0,0,java.lang.Object.toString
4,0.419162776,0.472707634,0,0,0,0,0,java.util.Arrays.toString
4,0.287204564,0.44452607,0,0,0,0,0,java.util.Arrays.deepToString
10,0.152576049,0.548894931,1,0,0,0,0,java.lang.System.identityHashCode
3,0.364546482,0.438374203,0,0,0,0,0,java.lang.Object.hashCode
2,0.307209099,0.49332677,0,0,0,0,0,java.lang.reflect.Field.get
2,0.306179036,0.553566736,0,0,0,0,0,java.lang.Class.getDeclaredFields
1,0.189758977,0.469660279,0,0,0,0,0,java.lang.reflect.AccessibleObject.setAccessible
1,0.229096431,0.495686522,0,0,0,0,0,java.lang.Math.abs
9,0.299714224,0.409103775,0,1,0,0,0,java.lang.Integer.toHexString
10,0.353323621,0.592383628,1,0,0,0,0,java.lang.reflect.Array.newInstance
4,0.348363142,0.491288668,0,0,0,0,0,java.util.Arrays.toString
4,0.307006447,0.457912644,0,0,0,0,0,java.lang.Enum.valueOf
3,0.080105519,0.472323818,0,0,0,0,0,java.lang.System.arraycopy
3,0.20053773,0.522750737,0,0,0,0,0,java.lang.Class.getName
2,0.313329195,0.446336683,0,0,0,0,0,java.util.List.toArray
2,0.341878429,0.443425091,0,0,0,0,0,java.util.Arrays.stream
1,0.372537219,0.411754441,0,0,0,0,0,java.util.ArrayList.set
1,0.175902781,0.355468329,0,0,0,0,0,java.util.concurrent.CompletableFuture.allOf
0,0.164692455,0,0,0,0,0,0,null
5,0.19483124,0.302994313,0,0,0,0,0,org.w3c.dom.Node.getNodeName
7,0.421103061,0.536405076,0,0,0,0.766278164,0,java.lang.Boolean.valueOf
4,0.375795688,0.477219152,0,0,0,0,0,java.lang.String.valueOf
3,0.357872489,0.407874116,0,0,0,0,0,java.lang.Integer.toString
3,0.348457643,0.490448531,0,0,0,0,0,java.lang.StringBuilder.append
2,0.331723754,0.42927504,0,0,0,0,0,java.util.Arrays.toString
2,0.372775265,0.496067301,0,0,0,0,0,java.lang.Object.toString
8,0.34280698,0.551152521,0,0,0.766278164,0,0,java.lang.Boolean.parseBoolean
1,0.338929664,0.460217617,0,0,0,0,0,java.lang.Double.toString
0,0.325034473,0.455130904,0,0,0,0,0,java.lang.Float.toString
8,0.255763354,0.419812354,0,0,1,0,0,java.lang.Runtime.exec
4,0.288707195,0.408321604,0,0,0,0,0,java.lang.System.exit
4,0.155027385,0.024842558,0,0,0,0,0,javax.swing.SwingUtilities.invokeLater
3,0.275721624,0.445355374,0,0,0,0,0,java.awt.Desktop.open
3,0.250387781,0.289647679,0,0,0,0,0,java.lang.Process.getErrorStream
2,0.25620718,0.288018125,0,0,0,0,0,java.lang.Process.getInputStream
2,0.183233728,0.213898408,0,0,0,0,0,java.lang.System.getenv
9,0.239586099,0.277396367,0,1,0,0,0.955045439,java.lang.Runtime.getRuntime
1,0.270125796,0.331246632,0,0,0,0,0,java.lang.Thread.sleep
0,0.28892643,0.294585598,0,0,0,0,0,java.lang.Process.waitFor
10,0.436395391,0.517444602,1,0,0,0,0,java.lang.Math.round
9,0.334610966,0.476021473,0,1,0,0,0,java.lang.Math.ceil
4,0.313067065,0.457852807,0,0,0,0,0,java.lang.Math.floor
3,0.391554931,0.456765587,0,0,0,0,0,java.math.BigDecimal.valueOf
3,0.389176605,0.47872284,0,0,0,0,0,java.lang.Double.valueOf
2,0.416470835,0.41047794,0,0,0,0,0,java.math.BigDecimal.setScale
2,0.440583053,0.395874264,0,0,0,0,0,java.math.BigDecimal.divide
1,0.419160142,0.459345086,0,0,0,0,0,java.lang.Double.parseDouble
1,0.378975153,0.477909978,0,0,0,0,0,java.lang.Double.toString
0,0.365718128,0.428383115,0,0,0,0,0,java.math.BigDecimal.toPlainString
10,0.295851013,0.434596541,1,0.715766613,0,0,0,java.lang.Class.forName
4,0.281938556,0.46983337,0,0,0,0,0,java.lang.Class.getMethod
4,0.290373602,0.480657566,0,0,0,0,0,java.lang.Class.isInstance
3,0.167715559,0.457150035,0,0,0,0,0,java.nio.file.Files.notExists
3,0.287916735,0.439616307,0,0,0,0,0,java.lang.Class.getDeclaredMethods
2,0.395283058,0.457348539,0,0,0,0,0,java.io.File.exists
2,0.375595541,0.542728561,0,0,0,0,0,java.nio.file.Files.exists
1,0.281938556,0.465551003,0,0,0,0,0,java.lang.Class.getMethods
1,0.265369696,0.462809032,0,0,0,0,0,java.lang.Class.getField
0,0.264862681,0.495272816,0,0,0,0,0,java.lang.Class.isAssignableFrom
9,0.260453452,0.403048121,0,0.726074389,0,0,0,java.lang.System.nanoTime
10,0.259771085,0.430759924,1,0,0,0,0,java.lang.System.currentTimeMillis
4,0.201847601,0.339736652,0,0,0,0,0,java.lang.Process.waitFor
3,0.338891959,0.332922085,0,0,0,0,0,java.time.Instant.now
3,0.36355603,0.312094407,0,0,0,0,0,java.time.LocalDateTime.ofInstant
2,0.195670201,0.271797216,0,0,0,0,0,java.util.Arrays.sort
2,0.224122238,0.360354972,0,0,0,0,0,java.lang.Thread.sleep
1,0.182718891,0.246369682,0,0,0,0,0,java.lang.String.split
1,0.228720986,0.290200748,0,0,0,0,0,java.util.Calendar.set
0,0.253138298,0.289556305,0,0,0,0,0,java.util.regex.Matcher.region
5,0.501373669,0.596427102,0,0,0,0,0,java.lang.Integer.valueOf
4,0.502752106,0.632784235,0,0,0,0,0,java.lang.Integer.parseInt
4,0.503259856,0.521599122,0,0,0,0,0,java.lang.String.contains
6,0.488824516,0.55524293,0,0,0,0,0.83316551,java.lang.String.indexOf
3,0.498704082,0.532182542,0,0,0,0,0,java.lang.String.split
2,0.433793722,0.576076105,0,0,0,0,0,java.util.Arrays.toString
2,0.375610805,0.42884741,0,0,0,0,0,java.util.regex.Matcher.group
1,0.404224086,0.507904455,0,0,0,0,0,java.util.Arrays.asList
1,0.505134908,0.54311603,0,0,0,0,0,java.lang.String.equals
0,0.494701512,0.486315019,0,0,0,0,0,java.util.regex.Matcher.find
10,0.538741674,0.559948597,1,0,0,0,0,java.lang.String.replace
4,0.409888946,0.645953349,0,0,0,0,0,java.lang.String.replaceFirst
8,0.441932342,0.593836826,0,0,0.669058977,0,0,java.lang.String.replaceAll
3,0.353430838,0.446222908,0,0,0,0,0,java.util.regex.Matcher.appendReplacement
9,0.41442429,0.700386188,0,0.669058977,0,0,0,java.lang.String.indexOf
2,0.406914834,0.467385453,0,0,0,0,0,java.lang.String.charAt
2,0.472390619,0.443726574,0,0,0,0,0,java.lang.String.trim
1,0.465023797,0.453552629,0,0,0,0,0,java.lang.Character.toLowerCase
1,0.387621797,0.477183181,0,0,0,0,0,java.util.regex.Matcher.find
0,0.446567374,0.467285919,0,0,0,0,0,java.lang.String.split
8,0.680457298,0.675589255,0,0,0.776504452,0,0,java.sql.Date.valueOf
4,0.755618136,0.699800638,0,0,0,0,0,java.util.Date.toInstant
4,0.855969378,0.611574534,0,0,0,0,0,java.time.ZonedDateTime.ofInstant
3,0.617414465,0.569765706,0,0,0,0,0,java.time.ZoneId.systemDefault
3,0.847180743,0.589827488,0,0,0,0,0,java.util.Date.from
9,0.554946514,0.751259483,0,1,0,0,0,java.sql.Date.toLocalDate
2,0.790379253,0.531741444,0,0,0,0,0,java.util.Date.toString
1,0.661594826,0.714733334,0,0,0,0,0,java.time.LocalDateTime.atZone
1,0.884298903,0.660084763,0,0,0,0,0,java.time.LocalDate.atStartOfDay
0,0.62474713,0.665182048,0,0,0,0,0,java.util.GregorianCalendar.toZonedDateTime
10,0.489507739,0.550771526,1,0,0.914139514,0,0.743071895,java.lang.Math.round
4,0.448063469,0.471712371,0,0,0,0,0,java.math.BigDecimal.setScale
4,0.236967582,0.494335649,0,0,0,0,0,java.lang.Math.rint
3,0.359159282,0.432665004,0,0,0,0,0,java.lang.Double.toString
3,0.359631427,0.440486776,0,0,0,0,0,java.lang.Double.valueOf
7,0.336520795,0.480636261,0,0,0,0.914139514,0,java.lang.Math.floor
2,0.351283442,0.487209902,0,0,0,0,0,java.text.DecimalFormat.setRoundingMode
1,0.438778908,0.479506709,0,0,0,0,0,java.text.DecimalFormat.format
1,0.352170685,0.470733945,0,0,0,0,0,java.lang.Math.ceil
0,0.363701494,0.431892303,0,0,0,0,0,java.lang.Integer.parseInt
5,0.526927641,0.595800814,0,0,0,0,0,java.util.Arrays.equals
4,0.530174497,0.544640745,0,0,0,0,0,java.util.Arrays.sort
4,0.411276595,0.436579533,0,0,0,0,0,java.time.LocalDate.equals
3,0.200071493,0.672196533,0,0,0,0,0,java.security.MessageDigest.isEqual
3,0.385706221,0.566350724,0,0,0,0,0,java.util.Arrays.deepEquals
2,0.378748683,0.516445486,0,0,0,0,0,java.lang.String.equalsIgnoreCase
2,0.548588761,0.483537883,0,0,0,0,0,java.util.Comparator.equals
1,0.44795675,0.466717945,0,0,0,0,0,java.util.Collections.sort
10,0.460615672,0.56926525,1,0,0,0,0,java.lang.String.equals
0,0.580349892,0.667728498,0,0,0,0,0,java.util.Comparator.compare
10,0.696927293,0.668322895,1,0.923610502,0,0.923610502,0.916644111,java.lang.String.split
4,0.718008908,0.538873854,0,0,0,0,0,java.util.regex.Pattern.split
4,0.550467592,0.460882846,0,0,0,0,0,java.util.regex.Pattern.compile
3,0.517614035,0.546892929,0,0,0,0,0,java.util.regex.Matcher.quoteReplacement
3,0.614143258,0.565266326,0,0,0,0,0,java.lang.String.substring
2,0.577717182,0.523021798,0,0,0,0,0,java.util.regex.Pattern.quote
2,0.410019824,0.480472771,0,0,0,0,0,java.util.Arrays.toString
1,0.588650651,0.378161284,0,0,0,0,0,java.util.regex.Matcher.group
1,0.377391698,0.499637039,0,0,0,0,0,java.lang.Object.toString
0,0.379083631,0.065779408,0,0,0,0,0,java.net.URLDecoder.decode
5,0.482694943,0.553724447,0,0,0,0,0,java.lang.Integer.valueOf
4,0.398653408,0.483467057,0,0,0,0,0,java.util.Arrays.toString
4,0.377076193,0.519931374,0,0,0,0,0,java.lang.Long.valueOf
10,0.470679145,0.565120142,1,0,0,0,0,java.lang.Integer.parseInt
3,0.42125943,0.658916505,0,0,0,0,0,java.lang.String.toCharArray
2,0.382453985,0.52213603,0,0,0,0,0,java.lang.Short.valueOf
2,0.456939182,0.485136257,0,0,0,0,0,java.lang.Integer.toString
1,0.431220758,0.569777384,0,0,0,0,0,java.lang.Double.parseDouble
1,0.42259328,0.527469474,0,0,0,0,0,java.lang.Double.toString
0,0.440196176,0.570146148,0,0,0,0,0,java.lang.Integer.toHexString
9,0.242700772,0.407680404,0,1,0,0,0.955045439,java.lang.Runtime.exec
4,0.274563411,0.389568292,0,0,0,0,0,java.lang.System.exit
4,0.149571125,0.02428696,0,0,0,0,0,javax.swing.SwingUtilities.invokeLater
3,0.2348007,0.310999488,0,0,0,0,0,java.lang.Process.getErrorStream
3,0.240620099,0.308724025,0,0,0,0,0,java.lang.Process.getInputStream
8,0.339565459,0.27920038,0,0,0.955045439,0,0,java.lang.ProcessBuilder.directory
10,0.22755276,0.26817548,1,0,0,0.955045439,0,java.lang.Runtime.getRuntime
1,0.256616373,0.348144886,0,0,0,0,0,java.lang.Thread.sleep
1,0.240985942,0.308724025,0,0,0,0,0,java.lang.Process.getOutputStream
0,0.294681694,0.330411105,0,0,0,0,0,java.lang.ProcessBuilder.inheritIO
9,0.157570818,0.386623094,0,1,0,0,0,java.lang.Runtime.addShutdownHook
4,0.227707815,0.4862462,0,0,0,0,0,java.lang.Runtime.exec
4,0.31432083,0.189586261,0,0,0,0,0,java.lang.Thread.stop
3,0.323616636,0.450924556,0,0,0,0,0,java.lang.ProcessBuilder.start
3,0.344179403,0.419352022,0,0,0,0,0,java.lang.Thread.interrupt
2,0.236132081,0.432114195,0,0,0,0,0,java.sql.Statement.executeBatch
2,0.277645933,0.446575756,0,0,0,0,0,java.lang.Runtime.exit
1,0.335973629,0.484189532,0,0,0,0,0,java.lang.Process.waitFor
1,0.356904577,0.189586261,0,0,0,0,0,java.lang.Thread.suspend
0,0.297713066,0.429009841,0,0,0,0,0,java.lang.System.exit
9,0.607209095,0.633798742,0,1,0.948277371,0.685168559,0,java.lang.Math.round
4,0.501260104,0.540127414,0,0,0,0,0,java.lang.Math.ceil
4,0.619614485,0.604401254,0,0,0,0,0,java.math.BigDecimal.round
3,0.493744255,0.530889358,0,0,0,0,0,java.lang.Math.floor
3,0.41341015,0.566663853,0,0,0,0,0,java.util.Date.toString
2,0.461201231,0.432254958,0,0,0,0,0,java.lang.Double.toString
2,0.310738505,0.56155945,0,0,0,0,0,java.time.Instant.ofEpochMilli
1,0.435357761,0.431354897,0,0,0,0,0,java.lang.Math.ulp
1,0.443601446,0.408653176,0,0,0,0,0,java.lang.Integer.parseInt
0,0.462550545,0.530889358,0,0,0,0,0,java.lang.StrictMath.floor
5,0.537034035,0.47970964,0,0,0,0,0,java.lang.Integer.toString
4,0.57007214,0.619213153,0,0,0,0,0,java.lang.Integer.valueOf
4,0.5275086,0.607316371,0,0,0,0,0,java.lang.Integer.toHexString
8,0.559327052,0.612525466,0,0,0.869164921,0,0.863063602,java.lang.Integer.parseInt
10,0.524506654,0.627496076,1,0,0,0,0,java.lang.Integer.intValue
2,0.373060435,0.689222166,0,0,0,0,0,java.math.BigDecimal.intValueExact
2,0.357897386,0.589976505,0,0,0,0,0,java.lang.Math.round
1,0.459337131,0.509176431,0,0,0,0,0,java.lang.String.valueOf
1,0.445633888,0.796855167,0,0,0,0,0,java.math.BigDecimal.intValue
0,0.42045192,0.487439076,0,0,0,0,0,java.util.Arrays.toString
10,0.57097624,0.55137599,1,0,0.913621957,0.892207757,0,java.lang.String.split
4,0.458913858,0.500262437,0,0,0,0,0,java.util.regex.Pattern.split
4,0.48923019,0.56766182,0,0,0,0,0,java.lang.String.replaceAll
3,0.404120556,0.560056934,0,0,0,0,0,java.lang.Integer.parseInt
3,0.401941031,0.540050546,0,0,0,0,0,java.lang.Integer.valueOf
2,0.347303457,0.539543202,0,0,0,0,0,java.util.regex.Pattern.quote
6,0.512690926,0.53803681,0,0,0,0,0.892207757,java.lang.String.trim
1,0.368043815,0.509384221,0,0,0,0,0,java.lang.Double.valueOf
9,0.429080682,0.559257086,0,0.920231836,0,0,0,java.lang.String.toCharArray
0,0.321780797,0.412386532,0,0,0,0,0,java.util.regex.Matcher.appendReplacement
10,0.681997761,0.637347882,1,0,0,0,1,java.lang.String.split
4,0.567755959,0.567298105,0,0,0,0,0,java.lang.String.replaceAll
4,0.564754013,0.549549605,0,0,0,0,0,java.util.regex.Pattern.split
9,0.594796887,0.549296521,0,1,0,0,0,java.lang.String.trim
3,0.404136076,0.573367142,0,0,0,0,0,java.util.regex.Pattern.quote
2,0.433501874,0.590850169,0,0,0,0,0,java.lang.Integer.parseInt
2,0.419210575,0.54649172,0,0,0,0,0,java.util.Arrays.toString
1,0.371643824,0.500007684,0,0,0,0,0,java.util.Arrays.deepToString
1,0.482899177,0.513876112,0,0,0,0,0,java.lang.String.valueOf
0,0.421008281,0.536327756,0,0,0,0,0,java.lang.Double.parseDouble
5,0.465050269,0.634542434,0,0,0,0,0,java.lang.String.replaceAll
4,0.451447605,0.541880703,0,0,0,0,0,java.lang.String.split
10,0.450398481,0.570116076,1,0,0,0,0,java.lang.String.indexOf
3,0.445097281,0.521196777,0,0,0,0,0,java.lang.String.contains
3,0.453022335,0.557578125,0,0,0,0,0,java.lang.String.replace
9,0.559630834,0.664824063,0,1,0,0,0,java.lang.String.substring
2,0.414534675,0.571230183,0,0,0,0,0,java.lang.String.lastIndexOf
1,0.404867357,0.447218441,0,0,0,0,0,java.util.regex.Matcher.group
1,0.518802634,0.489161789,0,0,0,0,0,java.util.regex.Matcher.find
0,0.328268121,0.490054992,0,0,0,0,0,java.util.Arrays.asList
5,0.643236766,0.452246618,0,0,0,0,0,java.lang.String.replace
4,0.527515731,0.533318292,0,0,0,0,0,java.lang.String.replaceAll
4,0.485690244,0.5599247,0,0,0,0,0,java.lang.String.replaceFirst
3,0.403653616,0.466740133,0,0,0,0,0,java.util.regex.Matcher.appendReplacement
3,0.443409446,0.420055652,0,0,0,0,0,java.lang.Character.toUpperCase
2,0.437905117,0.419869065,0,0,0,0,0,java.lang.Character.toLowerCase
2,0.431733088,0.355481051,0,0,0,0,0,java.util.Date.setMinutes
1,0.529199346,0.453172452,0,0,0,0,0,java.lang.String.split
1,0.415512853,0.431137536,0,0,0,0,0,java.lang.Integer.parseInt
0,0.48098525,0.453247024,0,0,0,0,0,java.lang.String.format
10,0.508289801,0.547611561,1,0,0.979494955,0.888141695,0,java.lang.String.split
4,0.438925519,0.495949352,0,0,0,0,0,java.util.regex.Pattern.split
4,0.345742973,0.492162446,0,0,0,0,0,java.util.regex.Pattern.quote
3,0.373941553,0.483397058,0,0,0,0,0,java.lang.String.toCharArray
3,0.286097462,0.439814798,0,0,0,0,0,java.util.Arrays.toString
2,0.37802123,0.442609434,0,0,0,0,0,java.lang.String.length
2,0.269056085,0.346706832,0,0,0,0,0,java.util.Arrays.asList
1,0.362127626,0.464277359,0,0,0,0,0,java.lang.String.format
1,0.113545667,0.458749633,0,0,0,0,0,java.lang.System.lineSeparator
0,0.243200089,0.022434506,0,0,0,0,0,java.net.URLDecoder.decode
5,0.510290926,0.633145599,0,0,0,0,0,java.lang.String.replaceAll
4,0.496211632,0.542677866,0,0,0,0,0,java.lang.String.split
4,0.505471764,0.543376132,0,0,0,0,0,java.lang.String.replace
3,0.451103426,0.584632612,0,0,0,0,0,java.lang.String.lastIndexOf
3,0.599266077,0.657560802,0,0,0,0,0,java.lang.String.substring
2,0.397157012,0.544504401,0,0,0,0,0,java.lang.Integer.valueOf
2,0.493296205,0.518000135,0,0,0,0,0,java.lang.String.contains
1,0.449106973,0.43450119,0,0,0,0,0,java.util.regex.Matcher.group
1,0.399981254,0.58467708,0,0,0,0,0,java.lang.Integer.parseInt
0,0.371307352,0.47845885,0,0,0,0,0,java.util.Arrays.asList
10,0.554911705,0.543369337,1,0,0.894875972,0,0,java.lang.String.split
4,0.469919487,0.511685266,0,0,0,0,0,java.lang.String.replaceAll
4,0.338192909,0.526835633,0,0,0,0,0,java.util.regex.Pattern.quote
3,0.454270132,0.477047939,0,0,0,0,0,java.util.regex.Pattern.split
9,0.410135728,0.57307162,0,0.922431889,0,0,0,java.lang.String.toCharArray
7,0.495636033,0.504682942,0,0,0,0.894875972,0,java.lang.String.trim
2,0.453024909,0.526301222,0,0,0,0,0,java.lang.String.replace
1,0.314163826,0.466580889,0,0,0,0,0,java.util.Arrays.deepToString
1,0.361445276,0.543378291,0,0,0,0,0,java.lang.Integer.parseInt
0,0.339361372,0.538128515,0,0,0,0,0,java.lang.Integer.toHexString
9,0.485119226,0.566750771,0,1,0,0,0,java.lang.String.replaceAll
4,0.41884211,0.477063729,0,0,0,0,0,java.util.regex.Pattern.quote
4,0.450351514,0.562511607,0,0,0,0,0,java.lang.String.replaceFirst
3,0.56532288,0.593763876,0,0,0,0,0,java.lang.String.format
3,0.575997526,0.469373631,0,0,0,0,0,java.lang.String.replace
2,0.526505508,0.604583917,0,0,0,0,0,java.text.MessageFormat.format
2,0.421459717,0.574468919,0,0,0,0,0,java.lang.String.toCharArray
1,0.38002046,0.423187125,0,0,0,0,0,java.util.regex.Matcher.appendReplacement
1,0.428517118,0.488312675,0,0,0,0,0,java.lang.String.valueOf
0,0.434647558,0.516681166,0,0,0,0,0,java.lang.StringBuilder.append
10,0.551541114,0.560001295,1,0,0,0,0,java.sql.Date.valueOf
4,0.644869688,0.487600472,0,0,0,0,0,java.time.ZonedDateTime.ofInstant
4,0.706519846,0.453897108,0,0,0,0,0,java.util.Date.from
8,0.429451341,0.608604521,0,0,0.776504452,0,0,java.sql.Date.toLocalDate
3,0.615078007,0.587148123,0,0,0,0,0,java.util.Date.toInstant
2,0.438642088,0.380327144,0,0,0,0,0,java.time.ZoneId.systemDefault
2,0.56735716,0.390549701,0,0,0,0,0,java.text.DateFormat.format
1,0.649668685,0.441284774,0,0,0,0,0,java.time.LocalDate.parse
1,0.632338243,0.426629526,0,0,0,0,0,java.time.LocalDateTime.parse
0,0.423510781,0.349139024,0,0,0,0,0,java.sql.PreparedStatement.setTimestamp
5,0.412936869,0.531197751,0,0,0,0,0,java.lang.Integer.valueOf
6,0.409820539,0.572506207,0,0,0,0,0.915151256,java.lang.Integer.parseInt
4,0.165607136,0.674861277,0,0,0,0,0,javax.xml.bind.DatatypeConverter.printHexBinary
3,0.419303572,0.516737673,0,0,0,0,0,java.lang.Integer.toString
3,0.388592084,0.557605639,0,0,0,0,0,java.lang.Integer.toBinaryString
2,0.29161012,0.55147813,0,0,0,0,0,java.lang.Long.parseLong
2,0.320592799,0.543385348,0,0,0,0,0,java.lang.Long.valueOf
1,0.37051336,0.519897208,0,0,0,0,0,java.util.Arrays.toString
1,0.39921252,0.573667176,0,0,0,0,0,java.lang.Double.valueOf
0,0.398103024,0.568847043,0,0,0,0,0,java.lang.Double.parseDouble
5,0.131325038,0.331276731,0,0,0,0,0,org.w3c.dom.Element.getElementsByTagName
4,0.096394818,0.31127873,0,0,0,0,0,org.w3c.dom.NodeList.getLength
10,0.205749003,0.428424076,1,0.715766613,0,0,0,java.lang.Class.forName
3,0.199096336,0.526234419,0,0,0,0,0,java.lang.Class.getMethod
3,0.303057269,0.547119697,0,0,0,0,0,java.io.File.exists
2,0.30162478,0.693259861,0,0,0,0,0,java.nio.file.Files.exists
2,0.101644514,0.546542386,0,0,0,0,0,java.nio.file.Files.isDirectory
1,0.079716223,0.551986838,0,0,0,0,0,java.nio.file.Files.notExists
8,0.181982093,0.556552066,0,0,0.707112549,0,0,java.lang.Class.isAssignableFrom
0,0.190579956,0.522509883,0,0,0,0,0,java.lang.Class.isInstance
10,0.580494318,0.615673133,1,0,0.950094106,0,0.950094106,java.lang.String.split
9,0.497353434,0.584332833,0,1,0,0.950094106,0,java.lang.String.replaceAll
4,0.483478831,0.612341926,0,0,0,0,0,java.util.regex.Pattern.quote
3,0.600680801,0.516295498,0,0,0,0,0,java.util.regex.Pattern.split
3,0.449327435,0.57546261,0,0,0,0,0,java.lang.String.replaceFirst
2,0.489849946,0.527032143,0,0,0,0,0,java.util.regex.Matcher.replaceFirst
2,0.450865697,0.50427208,0,0,0,0,0,java.util.regex.Pattern.compile
1,0.501922639,0.41237878,0,0,0,0,0,java.util.regex.Matcher.group
1,0.519952556,0.523708472,0,0,0,0,0,java.lang.String.trim
0,0.435485057,0.564942995,0,0,0,0,0,java.lang.String.format
9,0.400764386,0.613276989,0,1,0.644257079,0,0,java.lang.Class.newInstance
4,0.396428718,0.594990696,0,0,0,0,0,java.lang.Class.getConstructor
4,0.396428718,0.591911119,0,0,0,0,0,java.lang.Class.getConstructors
10,0.400776541,0.563209275,1,0,0,0.644257079,0,java.lang.Class.forName
3,0.384458359,0.636554615,0,0,0,0,0,java.lang.reflect.Constructor.newInstance
2,0.360973525,0.593770889,0,0,0,0,0,java.lang.Class.getDeclaredConstructor
2,0.318673554,0.429225964,0,0,0,0,0,java.lang.Enum.valueOf
1,0.298264562,0.397185171,0,0,0,0,0,java.util.ArrayList.toArray
1,0.127123202,0.425436504,0,0,0,0,0,java.util.regex.Pattern.splitAsStream
0,0.14372084,0.351743304,0,0,0,0,0,java.lang.System.getProperty
10,0.42498502,0.372512471,1,0,0,0,0,java.lang.Integer.parseInt
4,0.434371759,0.428593565,0,0,0,0,0,java.lang.Integer.valueOf
9,0.254433203,0.544682961,0,0.894438674,0,0,0,java.lang.Character.isWhitespace
3,0.310831523,0.341006792,0,0,0,0,0,java.lang.Long.parseLong
3,0.397877216,0.407640614,0,0,0,0,0,java.lang.Double.valueOf
2,0.251880015,0.32301597,0,0,0,0,0,java.sql.ResultSet.getObject
2,0.204319999,0.54788825,0,0,0,0,0,java.util.Optional.ofNullable
1,0.34304701,0.322718584,0,0,0,0,0,java.lang.String.split
1,0.207298605,0.523404631,0,0,0,0,0,java.lang.Character.isSpaceChar
0,0.38023447,0.441731557,0,0,0,0,0,java.lang.Object.equals
5,0.290561574,0.700917243,0,0,0,0,0,java.math.BigDecimal.stripTrailingZeros
4,0.305973035,0.456223704,0,0,0,0,0,java.math.BigDecimal.toPlainString
4,0.433294316,0.434285501,0,0,0,0,0,java.lang.String.split
10,0.418155669,0.486751607,1,0,0,0,0,java.lang.String.replaceAll
3,0.405834155,0.488472347,0,0,0,0,0,java.lang.String.replaceFirst
2,0.420639994,0.457366236,0,0,0,0,0,java.lang.String.indexOf
2,0.477372423,0.449159225,0,0,0,0,0,java.lang.String.replace
1,0.415843059,0.52560279,0,0,0,0,0,java.lang.StringBuffer.replace
1,0.40737723,0.436373381,0,0,0,0,0,java.lang.String.format
0,0.413470562,0.557148574,0,0,0,0,0,java.lang.StringBuffer.delete
10,0.51782769,0.509527885,1,0,0.888141695,0,0.882450365,java.lang.String.split
4,0.356477754,0.401747441,0,0,0,0,0,java.util.Arrays.asList
4,0.329031228,0.443577995,0,0,0,0,0,java.util.Arrays.deepToString
3,0.436006315,0.462962033,0,0,0,0,0,java.util.regex.Pattern.split
9,0.4496433,0.513650498,0,1,0,0,0,java.lang.String.replaceAll
2,0.356683341,0.485797731,0,0,0,0,0,java.util.regex.Pattern.quote
2,0.388703573,0.475109584,0,0,0,0,0,java.lang.StringBuilder.append
1,0.418232023,0.513866049,0,0,0,0,0,java.util.Arrays.sort
1,0.171602795,0.437955344,0,0,0,0,0,java.lang.System.arraycopy
0,0.428704728,0.439188167,0,0,0,0,0,java.lang.String.charAt
5,0.13710585,0.738235061,0,0,0,0,0,javax.xml.bind.DatatypeConverter.printHexBinary
4,0.356589556,0.702649412,0,0,0,0,0,java.lang.Byte.toUnsignedInt
4,0.41163861,0.469782558,0,0,0,0,0,java.lang.Integer.toString
3,0.378675509,0.532868067,0,0,0,0,0,java.nio.ByteBuffer.getInt
3,0.44194537,0.522272515,0,0,0,0,0,java.lang.Integer.valueOf
10,0.432212175,0.544597082,1,0,0.846870786,0,0,java.lang.Integer.parseInt
2,0.354508989,0.071030941,0,0,0,0,0,java.lang.String.getBytes
1,0.312855455,0.512177686,0,0,0,0,0,java.nio.ByteBuffer.getFloat
1,0.343618308,0.487830581,0,0,0,0,0,java.util.Arrays.toString
0,0.440414463,0.580563896,0,0,0,0,0,java.lang.Byte.parseByte
10,0.728447939,0.628510344,1,0,0,0.891806298,0,java.lang.String.split
4,0.71437845,0.525861498,0,0,0,0,0,java.util.regex.Pattern.split
8,0.63314107,0.584693142,0,0,1,0,0.891806298,java.lang.String.replaceAll
3,0.647709581,0.609574211,0,0,0,0,0,java.lang.String.substring
3,0.591555672,0.579204161,0,0,0,0,0,java.util.regex.Pattern.quote
2,0.56395992,0.515418402,0,0,0,0,0,java.util.regex.Pattern.compile
2,0.582371064,0.605148839,0,0,0,0,0,java.lang.String.format
1,0.596059451,0.496551883,0,0,0,0,0,java.lang.String.matches
1,0.501539576,0.517709938,0,0,0,0,0,java.lang.Integer.parseInt
0,0.513059945,0.59682064,0,0,0,0,0,java.util.regex.Matcher.quoteReplacement
5,0.100359507,0.595168107,0,0,0,0,0,javax.swing.AbstractButton.setVerticalAlignment
4,0.249815151,0.428529384,0,0,0,0,0,java.util.List.add
4,0.20863793,0.489610604,0,0,0,0,0,javax.swing.JLabel.setHorizontalTextPosition
3,0.267110356,0.464142629,0,0,0,0,0,java.lang.String.format
3,0.090871727,0.53149795,0,0,0,0,0,javax.swing.AbstractButton.setVerticalTextPosition
2,0.090871727,0.524808516,0,0,0,0,0,javax.swing.AbstractButton.setHorizontalTextPosition
2,0.223431224,0.440956011,0,0,0,0,0,java.lang.Integer.parseInt
1,0.169810436,0.515508546,0,0,0,0,0,java.io.PrintStream.printf
1,0.231285443,0.444129513,0,0,0,0,0,java.lang.Integer.toString
0,0.091375865,0.59140869,0,0,0,0,0,javax.swing.AbstractButton.setHorizontalAlignment
9,0.363447165,0.699584828,0,1,0,0,0,java.lang.String.toCharArray
4,0.430441048,0.465864454,0,0,0,0,0,java.lang.Integer.toString
4,0.39914931,0.527134413,0,0,0,0,0,java.util.Arrays.toString
3,0.358607557,0.522378211,0,0,0,0,0,java.lang.Double.toString
3,0.427239048,0.531923336,0,0,0,0,0,java.lang.Integer.valueOf
2,0.428459857,0.531308727,0,0,0,0,0,java.lang.Integer.parseInt
2,0.354667412,0.53625752,0,0,0,0,0,java.lang.Double.valueOf
1,0.370416411,0.503146126,0,0,0,0,0,java.math.BigDecimal.valueOf
1,0.389142781,0.480542438,0,0,0,0,0,java.lang.String.valueOf
0,0.351680013,0.539084122,0,0,0,0,0,java.lang.Double.parseDouble
5,0.615613351,0.590991649,0,0,0,0,0,java.lang.String.join
4,0.463298191,0.490447227,0,0,0,0,0,java.util.Arrays.toString
4,0.271417879,0.429334816,0,0,0,0,0,java.lang.System.arraycopy
3,0.397653455,0.474539216,0,0,0,0,0,java.util.Arrays.deepToString
3,0.49222328,0.486945158,0,0,0,0,0,java.util.Arrays.equals
2,0.352103314,0.543937277,0,0,0,0,0,java.lang.Class.getName
2,0.510166295,0.445793932,0,0,0,0,0,java.lang.String.split
1,0.458514663,0.43303429,0,0,0,0,0,java.lang.Object.hashCode
1,0.471342422,0.4566993,0,0,0,0,0,java.util.Arrays.stream
0,0.347921206,0.436049169,0,0,0,0,0,java.lang.Class.getDeclaredMethod
5,0.23150671,0.337289615,0,0,0,0,0,org.w3c.dom.Node.getNodeName
4,0.419951245,0.589994819,0,0,0,0,0,java.lang.Integer.parseInt
4,0.37335433,0.52860868,0,0,0,0,0,java.util.Arrays.toString
3,0.425487497,0.542484504,0,0,0,0,0,java.lang.Integer.valueOf
3,0.374986143,0.564269196,0,0,0,0,0,java.lang.Double.valueOf
2,0.431291053,0.525344691,0,0,0,0,0,java.lang.Integer.toString
2,0.291401271,0.545338615,0,0,0,0,0,java.lang.Long.valueOf
1,0.298510446,0.543085112,0,0,0,0,0,java.lang.Short.valueOf
1,0.358139762,0.554314522,0,0,0,0,0,java.lang.Double.parseDouble
0,0.42856655,0.65935123,0,0,0,0,0,java.lang.Byte.decode
9,0.508821879,0.64986147,0,1,0,0.910419671,0,java.lang.String.replaceAll
4,0.470682042,0.644818591,0,0,0,0,0,java.lang.String.replaceFirst
4,0.516257252,0.523949759,0,0,0,0,0,java.util.regex.Pattern.quote
3,0.549712255,0.593415291,0,0,0,0,0,java.util.regex.Matcher.replaceAll
10,0.582708085,0.521565273,1,0,0,0,0,java.lang.String.replace
2,0.525450206,0.595778815,0,0,0,0,0,java.util.regex.Matcher.replaceFirst
2,0.489985448,0.536808337,0,0,0,0,0,java.lang.String.split
1,0.507531723,0.439551572,0,0,0,0,0,java.util.regex.Matcher.appendReplacement
1,0.499895482,0.479510396,0,0,0,0,0,java.lang.String.matches
0,0.378137533,0.532548963,0,0,0,0,0,java.lang.Character.isSpaceChar
10,0.462204603,0.558690466,1,0,0.695572167,0,0,java.lang.Integer.parseInt
4,0.356064918,0.514323764,0,0,0,0,0,java.lang.Long.parseLong
9,0.4442192,0.646699222,0,1,0,0,0,java.lang.Integer.toHexString
3,0.258552304,0.509167123,0,0,0,0,0,java.lang.Long.parseUnsignedLong
3,0.346641204,0.632526055,0,0,0,0,0,java.lang.Long.toHexString
2,0.471840811,0.559432768,0,0,0,0,0,java.lang.Integer.decode
2,0.323772098,0.543980409,0,0,0,0,0,java.lang.Short.parseShort
1,0.343041946,0.411572637,0,0,0,0,0,java.lang.Long.toString
1,0.344652821,0.564707993,0,0,0,0,0,java.lang.Byte.toUnsignedInt
0,0.454812144,0.496783247,0,0,0,0,0,java.lang.Integer.toUnsignedLong
10,0.635523078,0.590665939,1,0.948905143,0,0.948905143,0,java.lang.String.split
4,0.523959759,0.508587006,0,0,0,0,0,java.util.regex.Pattern.split
4,0.529028428,0.517514673,0,0,0,0,0,java.lang.String.replaceAll
3,0.373942812,0.492418073,0,0,0,0,0,java.util.regex.Pattern.quote
6,0.4562677,0.538631032,0,0,0,0,0.935611667,java.lang.String.toCharArray
2,0.554694353,0.469460379,0,0,0,0,0,java.lang.String.trim
2,0.33704639,0.427619784,0,0,0,0,0,java.util.Arrays.deepToString
1,0.452890335,0.506847334,0,0,0,0,0,java.lang.StringBuilder.append
1,0.384585577,0.460306779,0,0,0,0,0,java.util.Arrays.toString
0,0.362206238,0.371071251,0,0,0,0,0,java.util.Arrays.asList
5,0.606562278,0.575320792,0,0,0,0,0,java.math.BigDecimal.valueOf
4,0.60081135,0.771391228,0,0,0,0,0,java.math.BigDecimal.doubleValue
4,0.565993888,0.580643097,0,0,0,0,0,java.lang.Float.valueOf
10,0.55148709,0.552748106,1,0,0,0,0,java.lang.Float.toString
3,0.580921415,0.732990451,0,0,0,0,0,java.math.BigDecimal.intValue
2,0.493344775,0.502851285,0,0,0,0,0,java.lang.Double.toString
2,0.495950753,0.617789438,0,0,0,0,0,java.math.BigDecimal.intValueExact
1,0.555399114,0.575968733,0,0,0,0,0,java.lang.Float.parseFloat
1,0.506612514,0.57004418,0,0,0,0,0,java.lang.Float.intBitsToFloat
0,0.461747723,0.52574538,0,0,0,0,0,java.lang.Double.longBitsToDouble
5,0.358100951,0.55874338,0,0,0,0,0,java.util.List.isEmpty
4,0.311695204,0.52573765,0,0,0,0,0,java.util.Collections.disjoint
4,0.344809748,0.329257729,0,0,0,0,0,java.lang.String.split
3,0.41042669,0.485779826,0,0,0,0,0,java.lang.Object.equals
3,0.424989544,0.529196975,0,0,0,0,0,java.util.Arrays.equals
2,0.258117657,0.423705107,0,0,0,0,0,java.lang.Class.getMethod
2,0.330507752,0.518120679,0,0,0,0,0,java.util.Arrays.deepEquals
1,0.407658878,0.426268712,0,0,0,0,0,java.util.List.equals
1,0.220165001,0.556856828,0,0,0,0,0,java.util.Optional.ofNullable
0,0.380072649,0.5643363,0,0,0,0,0,java.util.List.contains
9,0.640877332,0.602437134,0,0.957338797,0,0,0,java.lang.String.split
4,0.530874716,0.522173077,0,0,0,0,0,java.util.regex.Pattern.split
4,0.535459001,0.544295251,0,0,0,0,0,java.lang.String.replaceAll
10,0.463874328,0.55918221,1,0,0,0,0,java.lang.String.toCharArray
3,0.383563642,0.550214273,0,0,0,0,0,java.util.regex.Pattern.quote
8,0.560600959,0.525115704,0,0,0.957338797,0,0,java.lang.String.trim
2,0.352092176,0.477725983,0,0,0,0,0,java.util.Arrays.deepToString
1,0.4092365,0.5630382,0,0,0,0,0,java.lang.Integer.parseInt
1,0.39962086,0.523805207,0,0,0,0,0,java.util.Arrays.toString
0,0.463762593,0.463127736,0,0,0,0,0,java.lang.String.contains
7,0.378844896,0.649826319,0,0,0,0.881585414,0,java.lang.String.toCharArray
4,0.415650684,0.443190804,0,0,0,0,0,java.lang.Integer.toString
4,0.38028823,0.50759698,0,0,0,0,0,java.lang.Double.toString
3,0.442204957,0.530055327,0,0,0,0,0,java.lang.Integer.valueOf
3,0.356942167,0.465246379,0,0,0,0,0,java.util.Arrays.toString
9,0.432063135,0.515033919,0,0.900512663,0,0,0,java.lang.Integer.parseInt
2,0.327285462,0.494855837,0,0,0,0,0,java.lang.Long.valueOf
1,0.391841133,0.541448334,0,0,0,0,0,java.lang.Double.parseDouble
1,0.42922914,0.474681848,0,0,0,0,0,java.lang.String.valueOf
0,0.402989237,0.518490392,0,0,0,0,0,java.lang.Integer.toHexString
10,0.538521533,0.527157727,1,0,0.890531714,0.869847151,0,java.lang.String.split
4,0.461524934,0.540752837,0,0,0,0,0,java.lang.String.replaceAll
4,0.458382941,0.464874168,0,0,0,0,0,java.util.regex.Pattern.split
3,0.35430174,0.533766806,0,0,0,0,0,java.util.regex.Pattern.quote
6,0.483385828,0.537358108,0,0,0,0,0.869847151,java.lang.String.trim
2,0.319874767,0.439575702,0,0,0,0,0,java.util.regex.Pattern.compile
9,0.404035438,0.549590182,0,0.894466388,0,0,0,java.lang.String.toCharArray
1,0.443067241,0.501562048,0,0,0,0,0,java.lang.String.replace
1,0.30481407,0.446171538,0,0,0,0,0,java.util.Arrays.deepToString
0,0.371025767,0.526948676,0,0,0,0,0,java.lang.Integer.parseInt
